X,Y,Light_Intensity,Cell_Size,M_Protein,Label
11.490142459033699,7.513014967233783,0.2917005580930566,3.768653294319363,0.23359157650079967,Normal
9.585207096486446,8.319456879409092,0.4889010273572265,4.35929456538614,0.2544452061789071,Normal
11.943065614302078,12.241880815369786,0.4880146146184297,3.4365077757301283,0.20777001081992974,Normal
14.569089569224076,11.831110796300395,0.4564590531541189,4.899922367900451,0.27788525543047826,Normal
9.297539875829992,9.937295218107556,0.47757937778684,4.572690028831104,0.14905716177550685,Normal
9.297589129152458,10.351982149926346,0.41708977733903846,3.178822004624519,0.21732446099552824,Normal
14.737638446522174,13.832994687365275,0.3007196235627811,3.8351615515698567,0.39082369670058625,Normal
12.302304187458727,8.22528583349251,0.3382783974015678,4.758236615124329,0.1774400298103383,Normal
8.591576842195144,11.641292143510114,0.27263908672057025,4.88946404458282,0.2970209993623877,Normal
11.627680130757895,9.393422042698317,0.5633802245334514,3.9348030224997395,0.19755701926740848,Normal
8.609746921562614,9.34695639031834,0.43335671790644814,4.226822778421416,0.33204193770598023,Normal
8.602810739289229,13.296330555961571,0.36034056670545594,3.3340678921841507,0.13926209821550495,Normal
10.725886814698102,12.476249046964089,0.38480232145765303,4.982337252273953,0.39094631352356346,Normal
4.260159266026607,12.440528908001916,0.578913335844726,3.4633434027668866,0.2361368624150918,Normal
4.825246502460901,13.916436421462986,0.26134056124643207,4.885463548270251,0.1708151390039392,Normal
8.313137412277083,10.063011524898277,0.4344919328067189,4.299293297984737,0.1220490241990038,Normal
6.961506638996728,12.045858913884892,0.40235547155378637,4.2154735897577185,0.15092737152626223,Normal
10.942741997785822,9.069199730219632,0.4445816941738591,4.025377022033017,0.25593218456680533,Normal
7.275927773436367,10.972499057465326,0.2072440735283362,3.461339623435517,0.2011009529293859,Normal
5.763088895994126,9.609570836896946,0.5488495635776606,3.3530560640110165,0.3486650097647829,Normal
14.396946306764661,10.290987894978155,0.5728473129934449,3.4409724181403507,0.22926625709854181,Normal
9.322671098540393,11.78547107631074,0.42605327343568355,3.3728765242885093,0.174614281776289,Normal
10.202584614063772,7.545337950299583,0.4786603295507569,4.559168947133506,0.285143495981209,Normal
5.725755441359629,16.277161827056382,0.5689997524709183,3.70025051833346,0.3120331650656338,Normal
8.366851826424451,6.981947855500894,0.4828954537253594,3.1156853531267927,0.15011257237028497,Normal
10.332767769129598,6.357434161636803,0.26101561716570454,4.938205260281623,0.1502857648864953,Normal
6.547019267733091,13.474332620500203,0.43051534406672526,4.767571769926851,0.1110014280800629,Normal
11.127094055037016,12.374988081888809,0.4426860185531424,4.855504566390426,0.3209206045196922,Normal
8.198083930243586,11.872359451156466,0.3696522685209544,4.989815645292871,0.29914135828654154,Normal
9.12491875062017,11.88503652779284,0.4945776942498891,3.3477904984389744,0.24238926272494418,Normal
8.19488016331181,9.963259681459256,0.5737468059076059,3.7924840378053175,0.3532511346907592,Normal
15.556834553526812,7.308236885542506,0.5702274051627105,4.516476951408182,0.341701045885016,Normal
9.959508325786198,10.227413674581179,0.38033574856165286,4.392041236107584,0.2756063093190257,Normal
6.826867213132299,7.968514865463665,0.2452952183363021,3.30779181267971,0.3604813841539777,Normal
12.467634736309567,12.925359200253254,0.5939364795849338,4.631666249981236,0.1617523630110305,Normal
6.337469050086933,9.558827855493584,0.5355592345783736,3.4488811436733213,0.13357588581931837,Normal
10.626590785014265,7.523508409622465,0.24986507248130674,3.447635229645246,0.18092488345509689,Normal
4.1209896283606735,9.03584247504102,0.568336753046949,4.073948845786827,0.11712605682679447,Normal
6.015441853304709,11.238794362826873,0.5479585448248513,4.185879869683406,0.25935085840030964,Normal
10.59058370760737,8.308826341588077,0.40753522285042887,4.160172415675622,0.3809817076884885,Normal
12.215399739986232,7.5333388133007055,0.4365101742979717,3.1829736747955097,0.1118030622005529,Normal
10.514104843569912,10.731061634475736,0.3596010815480521,4.754921725260761,0.13663297420300805,Normal
9.653055152835279,10.734899713326168,0.22190465552881256,3.531200085177412,0.23565970848503062,Normal
9.096688913232134,8.479170473886612,0.3340788966583604,3.2590298425656083,0.3801625052583715,Normal
5.564434028897718,8.586885083145031,0.5211413794392046,4.777496159737955,0.19484683149302517,Normal
7.840467374815875,10.696149812072909,0.20185280920184115,4.911302996459507,0.2521704426065178,Normal
8.618083687120638,5.655746975508028,0.33339966867645765,4.724255234530901,0.11247185771511764,Normal
13.171366678656748,5.777608676870335,0.3592674774363773,4.619032149449756,0.14450296028862666,Normal
11.030854868705385,7.844667336242692,0.4149582411751691,4.3104839612780435,0.3959890368876541,Normal
4.710879533911799,9.359658544864459,0.5679422465651042,4.101714741218279,0.38953560893081374,Normal
10.972251908184385,10.932722696794015,0.3385383977463845,3.1739735198228205,0.1014819942803229,Normal
8.84475315875105,14.426068650848656,0.33878128075849107,3.816906426141397,0.38554353562697175,Normal
7.969233999082124,12.572978869606057,0.49500049924389933,3.745377034024628,0.2917359813446502,Normal
11.835028866522604,9.520184410109719,0.38088717635592284,3.5195075675206526,0.36037548835600663,Normal
13.092998567487854,9.942951376291933,0.2898419291759928,4.446840227377169,0.23642195669015775,Normal
12.793840357348596,6.9924119060865735,0.3809758064530774,3.9917514701575416,0.2546788085737751,Normal
7.4823474303320845,9.94446059202283,0.25634280815191995,3.162092431815296,0.2466539740770761,Normal
9.072362872446357,9.134024083239584,0.2705547946024893,3.4403664038996227,0.3000592772638313,Normal
10.993790294210692,10.968155681014268,0.39934710909579185,4.366517527319192,0.14189537642689387,Normal
12.926635381367078,7.518307169343031,0.36757017980181916,3.1522617189806006,0.1089920769618034,Normal
8.56247728646413,11.558039542723517,0.56593836042724,4.702413828097537,0.1923789824773573,Normal
9.443023070008548,14.598216739007732,0.34495755964665326,3.9902930540279486,0.31140422882099406,Normal
6.680995077981915,9.673719554629427,0.43223534011121734,3.961173154653296,0.16055603563688453,Normal
6.411380127757988,11.205135166296824,0.45290571516781214,4.184815569319035,0.30202972999747524,Normal
12.437577467182594,12.070431975133339,0.20523778263533346,4.649361931850298,0.3909736138321812,Normal
14.068720085712469,8.796338584342491,0.4654149488066842,3.695618415804386,0.12817021473682552,Normal
9.783969635258998,10.67227744543125,0.27121438674790055,4.356032305118127,0.3017806354675379,Normal
13.010598693676073,10.037777202345385,0.584428126987782,4.131463927991582,0.23312506579137138,Normal
11.084908075142902,10.293028295646495,0.25946509110124516,3.5340565403388426,0.36044267631325166,Normal
8.064640736184627,7.6809706484336004,0.3658496494908095,4.757259972710316,0.1531449368342158,Normal
11.084186816525241,10.073530522776828,0.23413986723145755,4.594852043213856,0.30778778566784937,Normal
14.614109699397908,11.49399487373635,0.5987497007383789,4.316903669316851,0.3514345868944331,Normal
9.892521882670145,14.353430823385125,0.400878004132497,4.701163458188484,0.383384265842207,Normal
14.693930967442018,12.87781247825562,0.43815400692801754,4.734588401919605,0.3049744084868938,Normal
2.1407646877307673,16.45954737253467,0.226830590955371,4.41672595343007,0.24915242920252823,Normal
12.465707513125672,7.697957311335852,0.4999841881596711,4.674026656727344,0.2853541720603642,Normal
10.261141204714514,12.616961910162034,0.2839622372382343,4.394942923338567,0.36067149534361553,Normal
9.102977948602398,10.550026017215055,0.5592217157762855,4.360281543520601,0.27118292399164895,Normal
10.275282329606506,16.56940879965302,0.2820558561928029,4.237222756430368,0.10911611790905107,Normal
4.037293256197321,7.575105143934546,0.27627508826546665,4.505433279115282,0.37928460865209335,Normal
9.340984336487464,7.480834473457672,0.21461986713923797,3.3172102105861474,0.3068580253094684,Normal
11.07133771453524,8.201822063667933,0.3888267780439997,4.761741518397857,0.302954015733174,Normal
14.433682134224547,3.6283128270705793,0.4259364533050466,4.743687055490464,0.16470254571931517,Normal
8.445189345179058,8.422734934957717,0.22628345577134096,3.0584945660691183,0.2976656410697972,Normal
7.574519191320437,7.722602015338906,0.5102110466780042,4.651633501129526,0.21815932169624758,Normal
8.49472886924639,10.451181359428624,0.381315533899211,3.2577397349468904,0.29536989311244766,Normal
12.746206353106222,11.025267927331479,0.409756107731032,3.670237708518284,0.13197790909239723,Normal
10.986253328979053,15.628512517647659,0.3763050987752913,4.4870165125832155,0.29735359138091083,Normal
8.410719388698883,12.851271514558151,0.3603052243501304,3.321519792096616,0.39982411773119997,Normal
11.539802299340067,8.269289033012791,0.42385613252328713,4.635934048238124,0.11446361165816682,Normal
10.29123264804412,7.304755985954927,0.262096098372285,4.664268355915484,0.3931522552663952,Normal
12.905934971598668,11.475757514519517,0.27277125219810844,4.014935467521672,0.2220723882168612,Normal
7.893840718367943,6.039300378938074,0.5447142484054068,3.0127717434336674,0.3612260351011778,Normal
9.017013560206696,15.494376297563061,0.578446184853453,3.5740762663498256,0.3347156452174821,Normal
8.823675540603528,13.538320362163862,0.3493237265119012,4.233853836751484,0.2701048782960004,Normal
5.609455155603644,8.592473043685885,0.30829786925742153,4.962372356054847,0.321534762775398,Normal
10.888360831193728,4.860596412727368,0.4575998172956063,4.2636270540333365,0.3635546683904044,Normal
10.783165816539668,14.061617122496239,0.3634936684392386,3.5196071621283194,0.2212420964953099,Normal
10.015340369927383,9.656380464242146,0.21015454226413796,4.268011406199223,0.19810994846897162,Normal
9.29623859987456,13.713448935920386,0.26246103894647616,4.079970759431711,0.3002780156690754,Normal
5.753887773848757,5.216717023616899,0.486388891538959,4.559690790302287,0.3423537825823776,Normal
8.738064031703923,8.201874931138681,0.4635695767640605,3.213961277653917,0.32868554043298476,Normal
8.971856450419692,10.01573109915455,0.2108383970013934,4.522055805004056,0.3393440946575904,Normal
7.593168192335144,10.140941781294226,0.2887888647731798,4.082533157352221,0.23067499444387993,Normal
9.516142865001973,8.64980358556227,0.29242991863522855,4.9259840077179895,0.3453502648525065,Normal
11.212152570443616,11.868549797042496,0.46875709743949134,3.683744332077372,0.13606271661118255,Normal
15.65855770363159,6.797138711852217,0.20788421510174568,4.265243786267896,0.2633467293882549,Normal
10.523733438495517,9.572861544936119,0.24164343279382955,4.864056211020035,0.10172759814943648,Normal
10.772651172168294,10.360886895135696,0.5199664341492758,3.2050194559813585,0.1973757489700811,Normal
9.776662252701499,11.543316502176246,0.27141786482173347,4.874456974472903,0.2099384604614194,Normal
4.243686354102875,12.13484463426667,0.4610984431407499,4.375771444601627,0.21885180748277663,Normal
9.92045837365235,6.6260737244863925,0.2952731124186906,3.1356741182103436,0.30864016200695865,Normal
10.18069062982308,5.397657487793133,0.23977655710373807,3.6019271338936325,0.21656743038110374,Normal
17.38972633745586,13.833030465695527,0.2972688763997816,4.416344177290563,0.23460808678675923,Normal
9.422917105656632,10.996942035938774,0.48890677274226363,3.1347012029375434,0.17126323926229825,Normal
10.904642027000838,7.754540390330339,0.5422785872425142,4.164340920352546,0.21197553748880205,Normal
9.89586469088427,14.653455926567569,0.5320879458267966,3.6917661139059135,0.16818088817894544,Normal
6.493965887141404,10.347023902878576,0.3588734118473819,4.241831035534954,0.1219587771305331,Normal
13.42846844354506,13.537891552191478,0.46723405462825846,3.091484067625026,0.2810345780144134,Normal
12.255799098060322,10.202555444230327,0.2819937181663284,4.7430736123047526,0.3004638395665049,Normal
12.37309584112914,16.18224377464596,0.3172590921044053,4.946977938354793,0.28584710380288436,Normal
7.271837635615784,15.266022527329614,0.5585343274084479,4.937755710571383,0.23904821314017174,Normal
14.208382932808298,9.25310755456278,0.20520076940429444,4.49930366348585,0.21393573405376898,Normal
5.794446811623157,12.914712852863065,0.23420341234178724,3.260172480261264,0.3590000948715476,Normal
11.76057128140081,11.936127848755444,0.2831545020584109,4.516526391858045,0.25572453554086544,Normal
16.571366877429938,14.105894672597046,0.2106128815495279,3.049173832917603,0.2437545632889193,Normal
7.028391024607934,7.105229618259687,0.27257417403591894,3.0442471030579945,0.10769261974193071,Normal
8.301106811191683,12.058154379995319,0.4332166243878769,3.6472204382990823,0.20237434828784692,Normal
10.298954095262923,13.175273460548762,0.36856982023699913,3.9772863808093315,0.21405868563575714,Normal
8.489573037651402,4.723781540730657,0.5570686844307899,4.540814835615587,0.21964683426907017,Normal
5.3480097068016015,6.450224462002675,0.5269774246953763,4.366590753213011,0.27405171076819973,Normal
10.205688924418082,3.882303466719698,0.3367269406791504,3.891805412753497,0.26008076401806357,Normal
6.813088858821685,9.191779496666326,0.30376937337251697,3.547253332563332,0.28237152783803343,Normal
11.420777291905544,12.152626767387886,0.35187696326690676,4.994249000315422,0.32946497846263856,Normal
7.24172729729859,14.507071156288085,0.4361179770059231,3.8523626044719457,0.34389572161482806,Normal
14.649803215052618,10.222284341259325,0.3072254563291505,3.902774048659351,0.31543692286794833,Normal
7.650240122991288,14.885846636713875,0.4496595631396536,3.3272476423833384,0.3866571087864804,Normal
9.033815451382972,5.859695625355326,0.36376466087649617,4.589619097499859,0.10546977480290849,Normal
12.44055165210901,4.889852681934536,0.42081887234079207,4.387364451562977,0.15873339570506384,Normal
6.307407050698134,9.833356903310143,0.37445061165412663,3.441539225577521,0.10226886249344264,Normal
10.682379803812388,11.152196346817922,0.3177863038167671,3.1647620912316854,0.2942424142463809,Normal
13.921428262847284,9.90191575571772,0.5793813227848627,4.360998604149426,0.36940916468499607,Normal
5.177550296316317,3.79767369988037,0.5054423176639042,4.309022428562271,0.1730446889728898,Normal
10.553901575596912,9.732639881461635,0.25604527030658103,3.546519053996419,0.37811036343889204,Normal
10.77964838274527,6.08659149848544,0.5473871903591652,4.9017271245008205,0.11808021708686826,Normal
12.345468615331932,12.009017646490115,0.39497247929980545,3.3021157835618005,0.3803308080416543,Normal
6.289147867365754,11.099794738290544,0.5578208907576365,3.864669602085204,0.20548680617189036,Normal
6.0386301607471715,7.180360641017934,0.5199421023789261,4.887231840335198,0.13042624853476498,Normal
11.565824696850694,8.45839924798992,0.37008540178769334,3.8394546338522444,0.2457615277558977,Normal
10.890954019699558,6.822359434333145,0.20898772332804696,4.277051895328171,0.1770329703161524,Normal
10.75147855103763,9.811962708180484,0.30747094375397843,3.7951887959255886,0.18546187058857688,Normal
11.039344628490927,12.865426961503715,0.41665368586434676,3.5484304046973403,0.19218698947788598,Normal
7.959925835264528,7.042821860993369,0.4533912879304589,4.967955295919657,0.34090776934979905,Normal
10.69676109148301,11.512139546553533,0.3031550741732809,3.818668012630086,0.2617483830025764,Normal
10.879217419896044,8.409227144882678,0.25574242962912963,4.788198407358269,0.1933923097468011,Normal
7.856945745920896,7.621381503212968,0.5339720947197196,3.4599092117821724,0.2831001349932756,Normal
15.59732353343427,9.678908920136326,0.5937608722814208,3.4262094080501666,0.3148452022669581,Normal
11.421498762735363,6.894273032741878,0.4102760729210743,3.062268165769023,0.18178720022006015,Normal
6.426089508392054,8.339052083958453,0.2686717143393214,4.30333365075177,0.2240647304576055,Normal
11.969660825901489,6.406366322233454,0.30892293060774756,3.7370526874475223,0.13656582800108427,Normal
7.075954989318036,15.894175398749168,0.2073562706189867,4.728716499679274,0.1543448048604041,Normal
12.361253811227357,10.105790655915186,0.5657195226241996,3.9464198133831143,0.30433535618949487,Normal
13.475786737022212,7.900823476022243,0.24710043315605645,4.9363868558294435,0.1544315043086881,Normal
7.537953044944869,10.641939732202665,0.4306065902057014,3.3710510314062425,0.2575490151001181,Normal
12.890128387732965,9.663015850927511,0.3096220882748824,4.737246335911221,0.3127138785167298,Normal
11.238342780809495,9.33709120140033,0.4216712010063174,4.5531937055834835,0.13206307692842317,Normal
12.46618047998347,11.842500100130275,0.4605681553407457,4.541843689288104,0.2701936658886711,Normal
15.690378947961843,12.272523130141916,0.5318967214828807,4.689566456233775,0.17696883511040915,Normal
9.26383565199139,8.408496557168418,0.2825685087042413,4.522047981885998,0.388878062571274,Normal
7.738791506927531,8.27254527806596,0.2043983314633922,4.2524406432628306,0.24506369401597744,Normal
7.33145671112343,9.174844908545069,0.2547542520275229,3.262489755364775,0.34179776493254743,Normal
7.552569145103686,3.094236505793246,0.560007456739242,3.065052358982504,0.2650679626468786,Normal
9.768694871757688,5.454426813404343,0.549556031025006,4.8416956956313735,0.11302375985644575,Normal
11.023455924449932,14.100622802333575,0.4389652408681233,4.2333006290414765,0.2899454126782067,Normal
10.830072397990056,14.93490314050385,0.44020674417346134,4.593074581952353,0.3854210026619972,Normal
12.481549747108073,9.252891881330864,0.4660146698185022,3.9630447030251004,0.28048354604389936,Normal
10.039005675633721,11.729670889167298,0.27014851144937985,3.234616377924789,0.3457566578280371,Normal
14.360602231471951,10.933750463630608,0.565764778369984,3.2503715844051007,0.3652619390045224,Normal
9.206029500286132,19.236642425365712,0.3675082099568292,4.3711305744579425,0.16842393158467978,Normal
18.160507499768855,13.358724734303731,0.353255411299799,3.8606117897989254,0.16361345197246802,Normal
11.877002043295018,9.6162472255577,0.40756708211313497,3.4010494534006734,0.28329429665529754,Normal
7.428527330751153,7.1333786781987225,0.21878638671002204,3.9831890934828738,0.22330854094201144,Normal
6.787322505816663,5.1806610392272825,0.2665133475024318,3.1284178741502684,0.3519583908600161,Normal
11.447417245729556,10.61039090760167,0.49521344657054817,4.163942803828798,0.37000693701940335,Normal
9.329611644022448,7.73094776414709,0.2331194671700506,3.5379868088701953,0.20602641379081546,Normal
12.142001482276276,5.733238871206978,0.4412608437865553,4.595118201274376,0.17106116769234464,Normal
11.419712873720634,8.06028134727242,0.2981396438725284,3.6207239178471475,0.3341576545731586,Normal
9.781513262029382,6.755355989156815,0.3557182456167906,3.9104402981636026,0.18244181066444085,Normal
7.459618845794785,15.061424905217695,0.31547749470827996,3.0232410798162013,0.34678429555410356,Normal
5.455458325942406,12.644919270848352,0.34226908658597965,3.144893775589118,0.22712147609462888,Normal
8.660455143798936,9.976082076050147,0.4876183620736982,3.7849871128133694,0.30026496978744116,Normal
12.569196382970418,14.439832416670077,0.31884868624927,3.9598776694342472,0.12866059415040046,Normal
10.642281232390612,10.232104922942854,0.42656185611875885,4.200041096238607,0.2871577974029719,Normal
6.262783663864036,7.416147396015209,0.3904201608796398,3.5833251574186065,0.23553030362116875,Normal
10.519542777553546,14.569372231808972,0.46546846614505927,4.389963772253085,0.27598253895264224,Normal
11.15595213918651,11.616730131053977,0.5747318957299032,4.720244794378409,0.15040426232345905,Normal
7.348427691396601,6.888261537020631,0.4930288388841001,4.5597019777867,0.3210621234832547,Normal
10.461175317836584,9.428983965749175,0.28597615143630273,3.0792376506967143,0.35883912326296863,Normal
10.174626155338,7.373145239845728,0.2124732540245139,3.961013894515658,0.1650219400272327,Normal
6.571089106508131,5.851600807106992,0.30490561771993,3.2098603568363497,0.12871436665604852,Normal
11.07336208104485,12.778532642594925,0.4380311722801019,3.4840900317250547,0.10709157581390093,Normal
11.682353579104703,15.728249921410391,0.22057032539370014,4.973325186534293,0.2925914501329798,Normal
13.249153729525831,5.804297278542577,0.39854649888049454,3.2849910858030267,0.28212821082663425,Normal
13.161406156104709,11.688907710071712,0.43873713956675564,3.997776306902712,0.26400922381422104,Normal
5.866991896128727,8.048072292634519,0.33369755632678433,4.236311468636238,0.16958412883479262,Normal
7.186524880254632,8.538623848705912,0.5083648814983288,4.4049299410882075,0.21727179877165442,Normal
11.54510580162598,8.222818227283392,0.24263930125350874,4.119297366973829,0.278342900555852,Normal
11.541357852736626,7.408027690960552,0.23005511269432352,3.0195416948383675,0.24903005765775085,Normal
11.545143058918143,10.145564883834481,0.4912755024814413,3.6529226164879836,0.3963356560644662,Normal
21.558194471964164,7.507149650766887,0.3981965264824794,4.035423286769423,0.14093192576701996,Normal
11.7126715320795,10.811370477339516,0.4753609585710944,3.175732998289667,0.30854336621427814,Normal
13.406696920541798,9.84928567165259,0.37393093544149847,3.7012538624183615,0.22129563043128767,Normal
12.862005290479607,9.283155859400772,0.2985608132956427,3.066406217582733,0.22845988447768445,Normal
11.954173753917393,7.277309013875207,0.5276409270696798,3.1571569943100415,0.31527932969745287,Normal
9.054192266078964,8.269686008295002,0.5197663515875917,3.793846552403192,0.30773084539731094,Normal
12.276907661479802,12.26617367747727,0.4778785883417707,3.2654315080861207,0.3973767981106565,Normal
7.681524356387285,11.502751562873142,0.3088580548919851,4.135081696523116,0.13851828683623757,Normal
9.289544179779973,7.067334265604346,0.4360922667476348,4.378929938274531,0.1312328948152499,Normal
8.543909356512689,10.297996916287678,0.34438955877601074,4.601173398218165,0.31730164513862236,Normal
10.245622418158968,12.254161370115368,0.23663282933065366,3.40030048848962,0.2735160751019228,Normal
16.943975700020527,4.991784156635885,0.5669254301848972,3.3349651645181395,0.18224819996794178,Normal
4.398204422224756,11.630080577139806,0.25472745236758454,3.2091356806688003,0.12382581069669599,Normal
12.05878057112354,8.01212872316246,0.580094941528321,4.272860499087273,0.12569747487892918,Normal
5.161852386431045,11.711796005779478,0.3784023091831823,4.412951452973802,0.3682572623992355,Normal
8.5842044026317,7.71022253037245,0.27405317153544784,3.063172289651284,0.15756019741562288,Normal
13.266851790902098,4.585353698006443,0.4167603789513432,4.872424492487379,0.19701146863465624,Normal
10.192840057286388,5.117372686350512,0.5491783343505633,3.103942567302945,0.1679969206680964,Normal
6.766765666212081,10.144254839984146,0.49288995456382445,4.082592670602141,0.20649889174958122,Normal
7.854088872220095,10.779167505164445,0.5226244591445799,4.418121038901833,0.12082715282382803,Normal
12.038793246804028,7.2870501246867745,0.46351334668428695,4.741938247492171,0.25571793727248116,Normal
7.80890010484859,11.915777376332121,0.476910625807141,4.428173864264855,0.12028376907766447,Normal
10.649375768745925,5.015439813193121,0.5396782606261277,4.603456166139583,0.3401069523467085,Normal
10.13671551971144,9.80176060405805,0.29986720354367435,3.678900385085612,0.17011362457312992,Normal
8.04519895718255,6.3669514007126295,0.39576998545725617,4.629650227493024,0.26200357438135324,Normal
16.431832267975977,8.044491676593523,0.28848377672784087,3.1602296927693505,0.3640237262684375,Normal
11.901757066954033,10.142196013949242,0.5950672031986588,4.7896333121210555,0.2952632107141583,Normal
3.924572240027178,7.418759904148143,0.5776237358746452,4.095184752307473,0.2598873359654006,Normal
10.559362944308283,8.846333367310525,0.21577072454740237,4.634595539924987,0.1973001259346127,Normal
8.014640605694836,13.018878427643322,0.48223006900627535,3.9046365690366,0.1999005739174594,Normal
12.557300004388672,8.269324391430555,0.5700993269662663,4.28715539039305,0.3008460865594571,Normal
7.622437784701898,12.507076336195425,0.27223013805093343,4.052805321872226,0.39824180836635026,Normal
9.655790675599302,6.610879436027146,0.42717809222105174,4.463179043510664,0.2985517569548136,Normal
11.51496183694137,11.589412533745849,0.5661953190352167,3.1632599640611794,0.2673350252110075,Normal
12.597265582510364,14.324705861973701,0.21357839143431956,3.1207041679811276,0.3191951530717739,Normal
6.3991107788326715,2.585066499618132,0.478968106898736,3.494206468020293,0.23956168368511546,Normal
8.996496292477154,7.60931423358857,0.3189396029490203,3.3190893602263767,0.11804270278023557,Normal
8.575164066517132,11.73121638154162,0.5697584781506122,4.743567133184404,0.26868904476337296,Normal
8.040012302278864,9.390863841871022,0.588423298066147,3.4384279747160886,0.3872875853516141,Normal
15.296362720843291,11.113437620113926,0.5777065956453735,4.951730511638263,0.1525908827072979,Normal
11.214945132882868,8.188044439852538,0.38968568666298553,3.6737915835422137,0.30700146724619976,Normal
6.217348136994865,10.2597693624187,0.5448170603957254,3.364235831377399,0.16028010659771696,Normal
12.753585841164329,9.532968293823762,0.5378197594140282,4.579397014284958,0.2607483053419244,Normal
16.3664685910379,13.503346184979423,0.32764018929730226,4.317415551001752,0.1290029348940159,Normal
13.09739578165344,10.763262529903638,0.5315661896602709,3.996391432906278,0.23511128087745556,Normal
5.441890102137959,11.012807986225607,0.21480305388619705,4.110727101875263,0.32684899866857386,Normal
8.547297781401246,8.764369101632598,0.43850795139282117,4.438403556544528,0.20427145727169466,Normal
13.800733447559868,8.53718132778252,0.29200353491508124,3.4569094826625975,0.29947351734616545,Normal
7.876991603143658,8.702325436541138,0.24822675431091154,4.992667832113484,0.3386349882369188,Normal
11.331458284438686,11.18335642713489,0.23078128065168368,4.949586324293566,0.37815334584383586,Normal
12.32390216028801,8.73704655753921,0.4785155103512559,4.300651372693874,0.17039262455663606,Normal
7.219208585265751,10.869324570689239,0.33594998550722643,3.3990849018582905,0.21979477474279246,Normal
9.8214239318146,16.226202395936316,0.4899067086115046,4.360456484862583,0.14572480399912524,Normal
0.2761979797927818,12.613374110295076,0.22614253631957695,3.1443968179583517,0.39774505064751264,Normal
6.92683707599713,9.021929403496477,0.32611613513224413,3.0613050044116124,0.37810029037728865,Normal
9.24229554582052,13.603641766491835,0.41579651695013486,3.5153657770224274,0.26198713908416793,Normal
6.2566504541054515,8.775773880935345,0.5162892659355853,3.9252459134786326,0.35260998831292645,Normal
14.897233911794906,3.8856263944664384,0.327501001172828,4.736545010816761,0.25628739318161264,Normal
5.709575866118102,6.975741067247788,0.4503565505748036,4.4543381395326165,0.2870757064008279,Normal
8.67986653990905,4.3876242369224325,0.5543910992944748,4.485413042399962,0.126737329634805,Normal
10.392221731858275,8.945459547876073,0.4463452752729218,3.8509866688961507,0.32658112614904244,Normal
14.323819867198345,10.055255137568656,0.2931837899014535,3.691869985093926,0.13831404509057046,Normal
5.692413546461681,15.029311936825849,0.2097603126226152,3.742077525969205,0.34782028907575857,Normal
13.489491256464879,10.980782121292489,0.5480395495603719,4.975299127472116,0.3346084263011158,Normal
10.030699183058761,9.342698413573407,0.20850776434015486,3.080218382824965,0.312623409322893,Normal
7.055474046856148,12.488216743550467,0.5498806690736797,4.734062992244898,0.11084811415742864,Normal
11.386310422789812,3.366594072976344,0.41157485361088475,4.157350817144787,0.19093850678359858,Normal
10.59717908672041,10.706843674325699,0.5756270794051584,3.877230838379181,0.17893377097325286,Normal
8.199349368523617,12.3125955816609,0.5195132943094661,4.450515320830273,0.20804092224145576,Normal
10.209406254970057,5.564241262660476,0.599173644213335,3.973337882849406,0.12629282402915157,Normal
8.84405920941472,13.431262129620787,0.34028472618068406,4.746846476163321,0.3810873469093189,Normal
10.340552035753744,11.015489222483243,0.5068753155724508,4.8014037280225175,0.2661406722137129,Normal
11.98639202356314,8.754136258297596,0.36077236544369684,3.843441853746911,0.1916572931974071,Normal
14.758050448436055,11.898345598318855,0.39195024812156354,3.5536555944701034,0.21909445512228504,Normal
6.286553503519453,16.81207857341319,0.45100218528734803,4.184700657186724,0.23416076215145074,Normal
16.3991001239688,10.545598765175486,0.5494708456745354,4.824726691233382,0.2801783000081852,Normal
4.143736601432495,10.744661758901008,0.593633387679718,3.421324378011333,0.25470382830894933,Normal
9.54464471489325,8.621917301379268,0.5073093655458072,4.245933167126966,0.3758175919643253,Normal
11.76495161945373,7.4504668916056245,0.3671067128669335,4.263120440185041,0.2490890448717491,Normal
10.842975603205097,12.491007449632736,0.36854280091082803,4.466226044830562,0.39764740444699387,Normal
8.131901440538218,7.4317485222733985,0.4950329206355566,3.2631353702545196,0.3554274873235288,Normal
9.375633248928175,10.214698711658178,0.29551085830732093,4.431649929364177,0.16255315430720074,Normal
8.520997196023501,8.56702765970465,0.24418964525255787,4.818065041331282,0.3791785643931749,Normal
8.231905729167366,11.436939477239175,0.3418488630563106,3.359366217740484,0.13490991936564284,Normal
12.548806291063073,11.000986315860844,0.3148955966616327,3.4750866498477553,0.3452349125473575,Normal
11.071046457895141,13.112619832773698,0.318523248182396,4.942790188083279,0.21418698804297404,Normal
7.921271214218038,8.46995080343576,0.29344310041996396,3.3619539054189795,0.36339229613352086,Normal
12.698799626299753,9.190375194119886,0.21683727585454476,4.708770186739159,0.3604170070322351,Normal
10.921898562629828,7.063708852653078,0.20714957389336552,3.9845557128960696,0.3417776200352864,Normal
12.43858635651688,8.667120219771665,0.5950889558944126,3.4944621488063543,0.3370091308921185,Normal
11.888886525770836,11.131901479134557,0.3711092534943449,4.741499802545023,0.19140374172941227,Normal
14.300160973218365,5.416143283501858,0.22058857529589232,3.621166609895041,0.17959685558377472,Thalassemia
11.97701936202862,4.803231973398986,0.2653414719482975,3.21071474259692,0.26733354564091205,Thalassemia
17.146039374281614,6.06902591127187,0.29680263264209283,2.586766674170741,0.40037591934532735,Thalassemia
11.406128072835852,4.186685566965151,0.15768108756374916,3.9366847014823056,0.14054915902126366,Thalassemia
15.112724629476514,8.490681263979182,0.2922270970815186,3.9140864786411687,0.2111411104358849,Thalassemia
14.963524013423186,14.498713833878242,0.17789637898048408,3.6777843147226124,0.21052764338634145,Thalassemia
19.34358226332631,9.292317092464117,0.17710238094738445,3.986991852346331,0.2728075710378024,Thalassemia
16.89879293151981,6.99058599149485,0.16807742085090113,3.3167234992003944,0.49214749637687405,Thalassemia
14.899892165019425,6.832754924337824,0.20828152146951703,3.944152525379809,0.12700101867352878,Thalassemia
18.27106519680115,1.7472367652133718,0.1308290086356974,2.6134075609251264,0.307480397752238,Thalassemia
20.560830196069254,11.532439108588637,0.21074229707160225,3.048521122392057,0.17174587280488418,Thalassemia
17.231241225407448,7.688651211948792,0.2083409624820008,2.8380719020101486,0.4882706181638977,Thalassemia
15.041410479373523,7.278080345637497,0.25238036252097396,2.793749626201405,0.1453214018909857,Thalassemia
9.752655070599362,20.77243027137944,0.2667299923875171,2.711204423339014,0.2614404009446365,Thalassemia
10.73954534769851,9.195011633462745,0.1880882700624848,3.433620462348995,0.39515399393384254,Thalassemia
13.779101182581329,4.992835799619263,0.16046664987029874,3.6719827836209573,0.38182177121097816,Thalassemia
12.561951191362867,6.294569615177827,0.1518669794634189,3.367447599130541,0.2690914547575729,Thalassemia
14.252114788058217,12.59378283678702,0.1389247673409744,2.7204440643823147,0.2386096671810873,Thalassemia
15.226599699588428,8.453081642151059,0.11152951643980498,3.716685654900206,0.25904495142114825,Thalassemia
17.118771017426923,2.246888086730533,0.16848959576694267,3.4539320607455926,0.20571050526345572,Thalassemia
14.718004887763636,11.676915738300814,0.15404953842615665,3.0822485591904933,0.18213317548271993,Thalassemia
16.946006575304807,5.327423657844024,0.29328347717328146,3.5111954433040946,0.293215879023556,Thalassemia
15.25789765924048,15.493191104870181,0.21154176525000878,2.8898574688642493,0.20741350242704293,Thalassemia
7.098133734584515,12.320192262858594,0.16945540780610152,3.017788312741316,0.21498466595890006,Thalassemia
11.242658424724983,6.210712417364995,0.21609352019873918,3.876228764697985,0.3627024253898229,Thalassemia
14.423649777113539,13.124065446940453,0.1278393402691391,2.9357567585071305,0.48741493267995695,Thalassemia
10.16122102863557,8.271422042109613,0.18880874984044058,3.204982402236905,0.34145488022375003,Thalassemia
17.399714919984817,11.411094700488878,0.22524686428421276,3.835211706094022,0.13079178682598652,Thalassemia
21.12300332937479,9.9389312691779,0.19777956635849026,3.5615820254012913,0.1302334455416268,Thalassemia
19.875047406789268,4.614573380036505,0.18035576013086485,2.593304839247054,0.48056928833822643,Thalassemia
14.146228516279168,5.425800670730152,0.2987696777799396,2.7209545664184556,0.21891631612293347,Thalassemia
20.96290454739981,12.119843270324644,0.2760629524297854,2.511762386157875,0.13682679443299017,Thalassemia
15.594669828808446,6.660898671573836,0.22468119163188802,3.446382685343745,0.3396178348601526,Thalassemia
13.651656115527842,6.385406147032013,0.21387547223645653,3.1715101381156274,0.3494595113161064,Thalassemia
12.546389345836241,4.179509682602588,0.2241320959649168,2.7014122763534134,0.3594019280474753,Thalassemia
13.790121254047486,9.694396262373845,0.14026242156448665,3.9369011815851556,0.20696081114301654,Thalassemia
13.447292725835085,16.25009967697258,0.17902754865286372,3.2944895859184298,0.10604427368579002,Thalassemia
15.68166488950195,3.7298683429829085,0.10789190657817987,2.8628399411693337,0.48600614778178874,Thalassemia
15.642295924199459,8.096877826691033,0.19510920749736532,3.250905356732061,0.200357218276441,Thalassemia
15.012184080613657,13.648882221661717,0.20860491679153265,3.5194304991026617,0.370410515221019,Thalassemia
16.7477526789854,7.681434435017139,0.1455499472206419,2.6143588269603466,0.38265194795148383,Thalassemia
19.762585099145365,9.809487184998936,0.29280576943310277,2.912055722571838,0.3440029668317943,Thalassemia
18.798216541765296,3.750425887412481,0.2818909221874484,3.7104482363259903,0.2251629576854593,Thalassemia
9.060408126200386,9.713228388830593,0.24442864709118117,3.189497305603992,0.20843850150562632,Thalassemia
4.784315460392181,7.251422939981805,0.20667732575307252,3.3198657130484426,0.3390673130810813,Thalassemia
18.737279644957095,11.942919982719452,0.27399383192953697,3.149224003314204,0.4464382534446766,Thalassemia
9.532485206338315,12.749544206259005,0.12613046876469258,2.5658499139645077,0.47869349156935825,Thalassemia
14.100938392429265,18.358254568074457,0.258101958854977,2.748624669730234,0.14236232176150307,Thalassemia
10.319547895762561,10.318532692854303,0.12496416279336967,3.1683124581128363,0.16193144503908796,Thalassemia
7.792078249679921,9.303185266328665,0.2588421325098811,2.813778198111892,0.4778945035132319,Thalassemia
17.165850912819153,8.777537206309344,0.15515351365027139,2.574968542989518,0.394614091333917,Thalassemia
18.036620641210586,6.587334828757246,0.27541811620363776,3.7654744960777355,0.4531975299319092,Thalassemia
12.693958397093123,9.353935373846765,0.28880841876507957,3.9717887937461738,0.18105305365413726,Thalassemia
4.6358308314203605,6.818394359443882,0.12975919388102314,3.689714310995109,0.3350343484437608,Thalassemia
12.815022206990069,8.673843905078456,0.19253512101307868,3.7806773825570006,0.38045583776698944,Thalassemia
16.567216021610186,13.27039014243184,0.296197475632537,2.8629656954755682,0.3720447541787891,Thalassemia
9.084353724903485,3.9738297388814354,0.1966814871946293,3.9409404632697997,0.26326067634667927,Thalassemia
15.733439679116623,12.559514244516182,0.272709504502909,2.7953885566801424,0.10615795667652339,Thalassemia
14.938760603308017,13.268460269359462,0.21774630442626397,3.9271447155427484,0.3331704227217053,Thalassemia
17.317165998404352,7.527725892035685,0.17506598158392037,3.9922289409489267,0.2012406156718435,Thalassemia
15.478321473656614,-0.48741959603437834,0.15715671110517404,3.567584208619073,0.28010169845715616,Thalassemia
11.107724236473778,5.568712051622271,0.14064461821721747,3.9717155976877327,0.48303240603352693,Thalassemia
19.786286006657967,13.187978186244436,0.2523596382755394,3.3543096693506556,0.2596141270569739,Thalassemia
14.36588170789212,7.908527750804471,0.17730810136460556,2.8893126747641356,0.4359206426657707,Thalassemia
14.890781841960273,4.002791070820357,0.20225509244015022,3.1554938284984315,0.17541624229970046,Thalassemia
11.266928163707217,5.98090031508713,0.19846509600023637,3.390341403068179,0.3689841992100116,Thalassemia
13.22687099523396,11.362480106018213,0.21545580584662624,2.6096223430405225,0.49080278177557746,Thalassemia
11.460789143892397,10.186934272805518,0.27311542912491044,3.4335148969258693,0.14075724034917472,Thalassemia
14.308215760306307,7.0442716033212225,0.29614786871668586,3.9717667551434417,0.1033279768908768,Thalassemia
21.846833920569374,6.53270235274125,0.1815168417147634,2.7851614746755913,0.27343311705304574,Thalassemia
9.512395428274575,6.432967403824712,0.2655037844212606,3.6888926744325747,0.1370501932205469,Thalassemia
8.545754408493035,4.31035926200599,0.2529055589309435,3.861848190669429,0.3993537398704926,Thalassemia
20.884681309974432,14.461502757877767,0.21470579029111464,3.9155523892303314,0.46581946553942355,Thalassemia
14.162705291392536,6.71071812315464,0.29120942872238664,3.9402034066081706,0.27360838908350354,Thalassemia
12.323709045360333,12.868634083301986,0.14009490310568057,3.282189458082208,0.2034846568621764,Thalassemia
19.159618749584304,14.085264207689805,0.12185284206192429,3.9659618619872554,0.27376132760264393,Thalassemia
12.577537841052543,11.993243592591842,0.2707923933910844,3.6359653107016583,0.38937912714000045,Thalassemia
22.304038854187745,6.273518749127806,0.18782996332674967,2.742507154355443,0.10362166463214839,Thalassemia
17.711703485357077,9.614920361346439,0.2693937708414121,3.2153501597019547,0.3357815957938789,Thalassemia
13.04835436741719,7.9032175744363355,0.27861804103908294,3.577496763058006,0.34531667395495164,Thalassemia
23.629232853062014,4.385192557079487,0.1124915187238143,2.871010473728625,0.3550752987583742,Thalassemia
12.577140307986646,9.297437126886411,0.27669295259721216,3.460922775323331,0.19680883199235089,Thalassemia
17.968381488037227,3.28384083536079,0.18966381107388441,3.499900718569929,0.3856210893512507,Thalassemia
16.19717032162597,12.750717553846254,0.20208649780084642,2.7440496157128487,0.13655659453271057,Thalassemia
20.206965157595192,6.141530810806428,0.22531850221864205,3.3476279686791344,0.17970813458672033,Thalassemia
21.24604478690741,8.804638623491357,0.28527652134601733,3.6574403664679114,0.45098801866179283,Thalassemia
15.128016596263066,9.133151486184568,0.1038232188859528,3.248343496803913,0.3954892602906266,Thalassemia
11.986328518615267,6.96438010518369,0.1953686936635634,2.518154675164161,0.1054982216045381,Thalassemia
16.839888571756465,10.3467752059011,0.23754440848611214,2.5135577036189383,0.1993505041479201,Thalassemia
12.289138520991575,6.100385373509902,0.24454139153964569,3.0355440159550184,0.18576259319726585,Thalassemia
23.053548990106492,11.485189189828976,0.23850648630742158,3.889291102647673,0.20832253121478905,Thalassemia
15.54614132433095,2.616081279013006,0.12688702588162437,2.843015169405413,0.19902390811195458,Thalassemia
13.538713794751565,8.505518318185647,0.15987911767433624,3.451545533307531,0.1250105182971383,Thalassemia
15.738721223459633,15.755715996233139,0.17174310508340268,2.833113806039981,0.2835762066387282,Thalassemia
9.611494841881214,3.998674701577701,0.260887441535901,2.982504984489323,0.3930933899144661,Thalassemia
11.113543845957395,5.289020117900594,0.15575197448291062,3.772063134402226,0.34269268988697454,Thalassemia
19.801655631777702,10.05563139863566,0.14214099277344064,3.59329216340492,0.3691486674392319,Thalassemia
12.372422884114417,8.718327127758393,0.29148960380761924,2.6430989159698157,0.13245967141449566,Thalassemia
10.81235606927224,9.402520397094237,0.10177265702269378,3.1430530314796505,0.48059628407071486,Thalassemia
17.146611010109144,9.956748520590654,0.29956417113639566,2.5437546454678968,0.43539673353721,Thalassemia
19.742816618651986,10.538885874247079,0.23536425977147912,3.2213352199045135,0.4220361273982651,Thalassemia
17.875813242660268,12.438799367824892,0.2656938598898234,3.4936510175516022,0.429193522016707,Thalassemia
18.984190743223266,9.63927462771405,0.15892387926923862,2.6777539353972273,0.4730842032531045,Thalassemia
11.972819645722158,7.03496938152583,0.102863055533412,2.9333274083637484,0.3177015864454791,Thalassemia
9.312757333032625,10.690294804810925,0.247573903712306,3.0967549382532353,0.18011280714705036,Thalassemia
21.005334607821947,15.599527739580862,0.26682891940013514,3.8792965369840746,0.3467134431410165,Thalassemia
13.709280644631457,7.469465014469706,0.24809522639070383,3.989882523134446,0.39715259746717557,Thalassemia
13.996667934179811,4.101882781317434,0.12857005746016772,2.5673669484934236,0.3951669573416102,Thalassemia
20.31277656739623,12.428322677147891,0.2506855844513938,3.641511885243088,0.308579609666752,Thalassemia
17.22492003760264,7.518475344185607,0.2537845564215282,3.057586099603515,0.12738348773343122,Thalassemia
16.82355108832643,-0.6906781840561447,0.23170810313401097,3.08868727934422,0.24844517537205113,Thalassemia
23.660009379604336,11.389686708601687,0.25322318655911724,3.6313974600205343,0.468306643385343,Thalassemia
12.425927078479429,5.858687256184309,0.2691842879355464,3.8776396482181132,0.3337795639029704,Thalassemia
18.711360512324948,7.637866870783357,0.22272082284749167,3.9263928917538227,0.31533277730228537,Thalassemia
15.228052499588339,9.327921322276058,0.11772094279393581,3.3656838790574812,0.2075414057528774,Thalassemia
16.074369115453027,8.761998719116265,0.19752556193344217,3.035681738950754,0.24737956796663157,Thalassemia
21.11387370565013,10.837807268556158,0.11552986693432102,3.681323628788169,0.4581384356612678,Thalassemia
17.031343025158495,6.258054517720627,0.18150860620648618,2.8765020748934504,0.36658521901073426,Thalassemia
17.153184316198534,10.052423192704332,0.18142129782512553,3.3461110432502768,0.4149548107009332,Thalassemia
19.29002934923921,6.961813289664331,0.11320196882804832,3.0378676922873096,0.2817381692270621,Thalassemia
13.540189081828458,10.955241923550012,0.16976410679389586,3.4849466105618143,0.35209888778246323,Thalassemia
11.643161330643974,10.461469936052215,0.12219961975826298,2.86059836934026,0.199353443497283,Thalassemia
10.820763223915865,4.258245191821619,0.2616470420018444,2.7873894186022388,0.38218433211339453,Thalassemia
7.134573642495993,12.343928464700129,0.2895376051928942,3.8773586300131555,0.27104053348133494,Thalassemia
23.22482851976129,5.856146219543808,0.11446329505158773,2.6527055244243054,0.2770182059258982,Thalassemia
10.587166537113267,11.23223119312458,0.29102304145834024,3.2589368616023977,0.35972892983075266,Thalassemia
14.114985505656913,9.469149253605362,0.20451531986734903,2.8312791744445134,0.4745122485875707,Thalassemia
13.892746800444318,15.35273470718049,0.15991313559077477,2.558394944988501,0.1256025386434484,Thalassemia
16.229626791236402,7.1061360705125916,0.11537241505523271,2.5540282274371395,0.429897294938803,Thalassemia
18.262948850157187,6.60273281552721,0.20012485361408355,2.7628326581587412,0.21695324416487727,Thalassemia
18.44189395343898,7.92232157644907,0.2589031088981497,3.8001555317590006,0.27756778180255115,Thalassemia
12.667690245724247,6.787280868662898,0.24141729545333962,2.92371811596554,0.10876533151000359,Thalassemia
14.331513144854354,11.1997676077682,0.11004520229279476,3.925688755862944,0.22041843113372522,Thalassemia
16.1303198019532,1.5347575662536483,0.11458036707358071,3.3724334394837903,0.30105249705205217,Thalassemia
14.005235495265811,3.7852703234145837,0.18057465652652743,3.154921284653149,0.12247043093897561,Thalassemia
21.429382304079972,3.7287883136832276,0.15905809880958865,3.370133252004182,0.2964382917532661,Thalassemia
16.963899806553005,11.801230367894302,0.14647686461120957,3.275047577839402,0.47084425154337095,Thalassemia
17.93951114419927,14.842453490327701,0.15620089978174273,3.638164380635988,0.1421572872431221,Thalassemia
17.65152507466965,7.582203125850114,0.2606965486593769,2.9237440989592782,0.40577629123020176,Thalassemia
19.6938954299413,7.324713107239957,0.28584561072637077,3.0295755874004535,0.26386842135039706,Thalassemia
15.724086234814827,8.280208652452725,0.18102053890551328,3.8411414537998763,0.3620694858097352,Thalassemia
9.812672208176615,12.647513210432763,0.28122220042649937,3.9196847697256083,0.20409463919409176,Thalassemia
16.598751807010565,4.290587463237704,0.1642991402495764,3.838837341229712,0.16379690501654331,Thalassemia
12.394572424832685,8.95347593093914,0.19528739726875832,3.12917199093597,0.16418504570849057,Thalassemia
12.885533273000974,11.90079051912972,0.14520579956319996,3.6705482545103223,0.12819677825725787,Thalassemia
17.345456075020373,10.004376679759382,0.22809520843516878,3.214503599951648,0.1742586819604972,Thalassemia
19.953132285734544,8.758326466394973,0.2957962230349618,3.2463097782191532,0.3656877539955873,Thalassemia
15.085086306944246,12.004184370268565,0.22069861920867573,2.8070201635859258,0.4526762447374032,Thalassemia
16.235332050395854,-2.8129291719969487,0.17156281682270977,3.3866954548877746,0.42565027423646473,Thalassemia
21.808859778540953,10.711501278123631,0.22956348919810568,2.779203846630022,0.37405372394979364,Thalassemia
15.963012717954273,5.383697267490305,0.12458413569307752,2.9973470486007905,0.14417274536444108,Thalassemia
25.406732456721578,0.6774684125741723,0.2777318160530797,3.7825453024299027,0.21567497851837994,Thalassemia
17.262038582526177,10.044810398099923,0.20061679015596728,2.810613713816283,0.2239227501289876,Thalassemia
7.956948963376729,13.49463418065183,0.18986994840792842,2.6067374277601494,0.1999827785590485,Thalassemia
18.01336648441813,7.450205941489233,0.21717295769070383,2.6035113889192245,0.3060022638838893,Thalassemia
16.52463353953111,11.811498188811756,0.2249567725578805,3.911176780754662,0.31422152595186903,Thalassemia
20.159011016330982,14.449113031954582,0.11435516124530261,3.260380656942752,0.2427543900684441,Thalassemia
17.692725405079834,13.25965781433619,0.23652344424468047,3.1141181077255276,0.24151566349457443,Thalassemia
14.446176064064904,14.559858117485572,0.14838633606310592,3.716317871511878,0.4314222391624326,Thalassemia
10.102807054842536,10.96850996428757,0.24279052650131797,3.753738891865774,0.41571713932787424,Thalassemia
14.1639069708559,8.301734555606371,0.26450695887683934,2.998286549673407,0.22311833267229828,Thalassemia
11.5979181831628,1.5921367524113261,0.260791701510504,3.540427086210693,0.4655153775493037,Thalassemia
12.67790620078111,7.015750047480205,0.21050019348157784,3.65668422377783,0.4811260068010025,Thalassemia
17.35431361768244,4.6270136187352335,0.2040339784621502,3.4819760302989318,0.23069701681201635,Thalassemia
21.679618017405623,16.683770869991257,0.12857519226788233,2.7273926122001493,0.24176997951722196,Thalassemia
16.578686119291923,7.296456750270654,0.2550692300806271,3.8138246252755854,0.3022536613687835,Thalassemia
10.216467751859263,8.492819227137943,0.15428187608934288,3.308641829104013,0.47644832501346945,Thalassemia
16.77841067288056,10.20594150416187,0.19933908456358929,2.9237086395550054,0.4505277732569246,Thalassemia
19.786525946582604,8.174409785489814,0.15685481858550335,3.137842278156541,0.14102718503343592,Thalassemia
12.560868382722472,14.780204161723013,0.12676567259993862,2.556356635598361,0.25709229730856653,Thalassemia
14.463931333308329,5.509402553062192,0.22591153937834732,2.6918002018336264,0.3213484758999088,Thalassemia
15.058752778916789,8.77842982094897,0.11086640696458078,3.6483201257737914,0.30125298902061604,Thalassemia
11.860406747671039,5.030117657207807,0.24972904682524,2.5000174521330494,0.17754522717475707,Thalassemia
17.593121735375437,2.719909955117177,0.16351735905222334,3.1248487427234384,0.44352670846726194,Thalassemia
14.516207405568874,5.552923636378859,0.10002693860089706,3.2837652716283827,0.37077631319873494,Thalassemia
16.67812977562811,7.851852811806352,0.20222582784744597,2.581951630001458,0.4351633499407215,Thalassemia
11.4500312887916,6.28279110193096,0.10937038170552063,3.9596172444584994,0.4435057117397889,Thalassemia
13.250166798706358,5.230316080504576,0.1552339115641799,2.8391879968745077,0.3993423414662959,Thalassemia
17.889525431311085,2.3747301453126646,0.24139529749114322,2.956298079454421,0.27568424049988693,Thalassemia
13.508667391632931,7.667577709485221,0.11253792432437318,2.955913768382541,0.34421870200616983,Thalassemia
21.90785540493362,1.981118503875991,0.26786769847120045,2.845624993176025,0.16414616244789726,Thalassemia
13.40145525754159,11.04022385475841,0.10076398453171663,2.502210733129467,0.36945816698996314,Thalassemia
15.898738903007544,8.329759011738012,0.14936477384038044,3.5940171911319947,0.1717013022957123,Thalassemia
18.73036332749236,2.1697940021402777,0.24818081123041427,3.950268249698928,0.37757983620406277,Thalassemia
9.326537068267873,6.763163691800546,0.16325402994586136,2.8364402249275678,0.1918392643015875,Thalassemia
7.9567647520768965,4.991374377637667,0.12037847761320271,3.4945707877051335,0.147020520060088,Thalassemia
8.89737474171962,9.276698041676722,0.1720467837600856,3.6128444904380728,0.16611379605718296,Thalassemia
20.050336413708727,13.361801784092577,0.15407865727690512,3.772638068635787,0.10079685408762812,Thalassemia
12.792567416430213,0.4993101214170217,0.268542380432111,3.1339437955204135,0.38749584714141216,Thalassemia
25.232797142673007,8.46010431658967,0.16266958351702862,2.954396358460644,0.3929604196233517,Thalassemia
12.743009605370446,7.359468817733438,0.2577864943552014,2.9879427010345467,0.3059733399653038,Thalassemia
15.738205212788149,10.685360305801863,0.2783744289621469,3.568931999647769,0.16454512042215347,Thalassemia
21.1684398102715,8.852786512950757,0.1867634839153059,3.725169199758454,0.1334217350042759,Thalassemia
23.02437155263649,4.992122673044724,0.2819886287708784,2.772420951634904,0.1076515865749148,Thalassemia
23.24601430654559,6.723784257333527,0.17546361079263856,3.0564115122366475,0.1662992707860883,Thalassemia
19.83346492237257,4.815896572786044,0.29281568329802166,3.852910295123725,0.4563422139932587,Thalassemia
19.09625010324585,12.304028554394392,0.1178579049051146,3.710040279542109,0.19661473668067272,Thalassemia
17.37010779680473,8.085246594687769,0.23740385330064853,3.9772876041437137,0.24170853088688626,Thalassemia
18.11344430466655,15.60476274301203,0.19876280809138575,3.631372389523121,0.14213819379253329,Thalassemia
12.795257134685865,7.757356744741517,0.17752976109112942,3.0897928015418836,0.18894452189926814,Thalassemia
11.727204466310772,5.166372932358149,0.22654237574972017,3.385956750991957,0.307689828312082,Thalassemia
14.986502170356191,1.9451424295486914,0.24077141832686624,3.4915213813709807,0.343101073238261,Thalassemia
14.319261509900286,0.7874412949762197,0.10087265393006183,2.617683724475686,0.19814092566648445,Thalassemia
13.187087802690899,1.663456227978041,0.13339061774943975,3.3167454386557975,0.12309286369004689,Thalassemia
17.78554978982686,9.068506604045934,0.24260921012686373,3.5639812427089144,0.25641314765095946,Thalassemia
18.821220834282045,10.034900092919735,0.2332770827156413,2.7509819560015907,0.19368134837053366,Thalassemia
15.35362754516739,1.6752371918714664,0.2932095010257354,3.6709475761383357,0.1878215692919208,Thalassemia
20.910120324221047,11.580153256304461,0.2522075580501566,3.3756591707711676,0.4839451210853821,Thalassemia
10.43324354346598,6.067755793266242,0.29015454154626763,3.9283326785463917,0.34652019437028964,Thalassemia
14.225362162881128,8.587172047942197,0.24050810030696138,2.5636334473103375,0.3227513772688384,Thalassemia
12.13271071758878,14.448882513021697,0.15961044172788863,2.8979892063332002,0.2663100414093288,Thalassemia
7.53385353170776,11.587357263462128,0.1210729844501713,3.402330818949736,0.2715777333720577,Thalassemia
14.669277256629202,6.925877408376671,0.2563647726689871,2.944839868308896,0.3163620015352323,Thalassemia
14.513009966466866,4.43523109833885,0.2288298442951832,3.5716362461068636,0.37857192281444296,Thalassemia
21.053798972968522,-0.6072616053172197,0.10963720247865925,3.6385079237828966,0.3808584384727318,Thalassemia
17.52324673821911,5.12338672303032,0.17201009318019567,2.6537739460997116,0.16867756308217985,Thalassemia
10.90325270268318,7.155479044689223,0.2913599630968572,3.2707816963101517,0.30004510083065083,Thalassemia
22.416370265336752,4.051281891395265,0.20008022914204024,3.263335833386584,0.2647832380136408,Thalassemia
19.884134782101412,7.474972131630781,0.18654582720394092,3.0539211553233114,0.4482107865077537,Thalassemia
17.328390813874464,8.307407531835073,0.1915399210318588,3.899387293854508,0.3525675684873506,Thalassemia
14.094063604600672,7.100576072767685,0.14177654480103274,3.7412594798098318,0.31300162656639274,Thalassemia
11.162243053106081,5.399989676706161,0.17374143417295904,3.545814072864455,0.14615785687156696,Thalassemia
13.511172895715788,8.67461868786691,0.17396265119743531,3.571489953602496,0.3422551557293646,Thalassemia
19.354994478816742,9.767762598277637,0.11047100403749449,3.1925742157196786,0.14688156227209337,Thalassemia
22.538345223738435,3.638403690228616,0.25351352570358365,3.881491781644864,0.23488263022630085,Thalassemia
21.172974113088756,13.64372951898508,0.1833008863807758,3.541893140879928,0.15713678592573277,Thalassemia
13.044602312854904,7.605647470862953,0.2644359773632846,3.5934715924837244,0.3768294588097476,Thalassemia
10.521530266843955,8.07539849177939,0.2700696002239791,3.792536355681018,0.18250084553446105,Thalassemia
15.563544987644816,10.832857693026229,0.1423988109397316,2.9111073840132864,0.2567437492752104,Thalassemia
7.926242537748593,8.932864525054006,0.2314706964340257,3.7106063558000546,0.45826991104751147,Thalassemia
16.292670856739125,11.81254653565298,0.19445636083259632,2.792860904434738,0.18172655335958812,Thalassemia
14.409589654805325,9.148496660807297,0.27603134758429704,3.018012928367332,0.30312202558351165,Thalassemia
13.13585399252703,5.550250501438248,0.14314813583529082,3.003415681404764,0.26770866446640884,Thalassemia
8.621187730932817,9.446014100824407,0.23556264006200883,3.967788202583711,0.1072496164182919,Thalassemia
17.054400426278868,3.425095170717353,0.22155042445054451,3.7848058356218903,0.41710324542912514,Thalassemia
12.869196641352355,8.434238823106092,0.15906029551436657,3.5517547923853896,0.1276183625258399,Thalassemia
10.320332657158847,7.867080037422157,0.12732018073023452,3.5905851424230852,0.2897020083907814,Thalassemia
3.5109511468734027,7.167532570909842,0.2303279520954553,3.3431091916038564,0.32427131797557995,Thalassemia
14.889940379797455,7.485849954244277,0.24771949162646614,3.9206360006627787,0.3513705826458349,Thalassemia
22.089006386678975,0.4726038180094436,0.16312546875267,3.2443881293235424,0.37545265172315023,Thalassemia
21.64503685819148,5.805100369036154,0.22896652080446275,3.0707765648048415,0.20130895340908606,Thalassemia
13.171614973654913,8.371379604564458,0.17902618152230065,2.7445530053973863,0.10399151066337975,Thalassemia
12.591151758552877,8.639425567989601,0.24264137665652355,3.679308478391587,0.3893774649419648,Thalassemia
16.875097024300096,3.8892994362961675,0.1398430549788106,3.601665898113387,0.31426263973903146,Thalassemia
11.006458243246835,13.062831363458802,0.27804300052723485,3.0765325577862024,0.43444708128289955,Thalassemia
16.207167599277863,4.535300607141997,0.15748191929311595,2.537790120938844,0.4285553451602777,Thalassemia
18.06432111353876,11.877828802106947,0.17355719755123059,3.758495991577016,0.43733046711515333,Thalassemia
19.90773289553723,9.708777447486739,0.11161839041606997,2.5171269751811103,0.2940378639918161,Thalassemia
14.599383694080188,5.415090760624787,0.12230244246425528,3.555549669443576,0.23345135833474628,Thalassemia
14.185304999292136,15.101243570438047,0.2031723805424656,3.9553856645890857,0.416623281036548,Thalassemia
11.488069652973756,3.22545267297408,0.1535185353455943,3.156491992222305,0.28051764521170197,Thalassemia
11.69247858384056,11.676616694440007,0.2670960451484389,2.852460107493929,0.1733768785613738,Thalassemia
14.094084432393894,12.002329272171913,0.10293867773099077,3.5573065150650724,0.44198960782458974,Thalassemia
16.46946202726471,5.3175191636934205,0.17581880973438724,3.7256922130233776,0.45302395070893897,Thalassemia
18.654338504932998,13.569861200257314,0.16746910935381853,3.319645474116771,0.28652390245606807,Thalassemia
11.78728419727862,6.999813941604189,0.10386552618352021,3.9505529128842194,0.130279890923915,Thalassemia
20.970754275838086,9.154774517119428,0.12487367980010206,2.577503082486942,0.25513043596677254,Thalassemia
13.915505595829725,9.041287355084883,0.18272853498372704,3.257193397456792,0.42141506378504134,Thalassemia
14.914530822606256,7.462765034117809,0.1985729168894893,3.577680920983825,0.46070961141849154,Thalassemia
12.011153283408706,11.243233092639128,0.18085794945097383,3.7939607067237686,0.18138909699903835,Thalassemia
5.303038958908234,11.173954882208852,0.20618753568241877,2.768883417861685,0.12678944481010862,Thalassemia
18.536181585444197,1.005872107047277,0.2190263349811363,3.700005222645522,0.4509401812531355,Thalassemia
17.947375588369734,13.21736097151261,0.10198476422556713,3.329060613577818,0.2557619755915501,Thalassemia
13.874689771527146,1.3500320478573027,0.19281903189070076,3.094830522984945,0.3167043857070253,Thalassemia
15.267962868899488,12.13018481736663,0.29269984817751765,2.6975725428686403,0.4872263248203036,Thalassemia
17.0637568708164,12.506820547310333,0.20380645602590974,3.7979436383633685,0.12662589116568915,Thalassemia
8.74981657245383,3.636134279139207,0.23550845349179064,2.735909812269573,0.3593272029808382,Thalassemia
12.883789290614821,6.356742848181661,0.16237277158337665,2.9646817888136487,0.12964216902994685,Thalassemia
18.17705871848731,3.577181326056257,0.25479827563055246,2.9350682979436553,0.2501875713866002,Thalassemia
9.982842307323002,7.140315878845058,0.254584296375223,3.8071210512862814,0.42152581807737877,Thalassemia
16.174231728666516,6.767862863257035,0.20425920953082777,3.5090544913133472,0.2733888931022538,Thalassemia
9.57367278150638,11.11864212907736,0.2952027646558427,3.6950220957870585,0.4988729415611802,Thalassemia
16.865719929734105,13.241234984478433,0.12511004295253067,2.8757018481887484,0.32362371397864087,Thalassemia
14.857434070810065,13.582735243159824,0.1033895329779162,3.4373111494104984,0.2284648610543814,Thalassemia
8.539472736377963,5.751327893686792,0.2540316423514192,3.3576189747156233,0.18804453036190127,Thalassemia
19.658957417828685,7.163112505021889,0.2614311074729765,3.749245565182407,0.24020821371446474,Thalassemia
12.061633692807803,1.266247231116199,0.12404144582411525,3.859130590721891,0.24901330950382033,Thalassemia
11.758990251942476,4.776519734015245,0.1531165665917212,2.5182351572160804,0.1274854710895844,Thalassemia
15.802276788923772,11.85940653238983,0.10351047267332579,3.511029878588189,0.24782967977070927,Thalassemia
19.59454939771486,14.462331294192927,0.15866172215611293,2.5777536986795937,0.28569540789569,Thalassemia
10.936712724086412,3.062604512480312,0.2546283747837343,3.323287997616034,0.3890951008955219,Thalassemia
15.246719399391887,5.630142963388423,0.20359210554251578,2.9314490935655173,0.36269179388864325,Thalassemia
16.71526600132229,7.894376972164292,0.1696191186336576,2.9601648992832117,0.3835062620916617,Thalassemia
17.772422429052575,9.120644635278428,0.17434785898126606,3.029437755178535,0.10334547275074285,Thalassemia
15.7057662211089,4.761585920313415,0.10027072514309364,3.431938673574415,0.18706695983221444,Thalassemia
13.531888643666711,9.696244177856359,0.15996010551304718,3.001074948503154,0.36467371535994264,Thalassemia
11.689639117405122,6.1046426117163355,0.2292917483275861,3.5990485758854205,0.29359574727189885,Thalassemia
15.344575532185498,7.942190916486884,0.2948388887632714,3.1067910783608044,0.10212539026733838,Thalassemia
10.711443952057571,10.185136992014797,0.2694121653967799,2.602529800464938,0.421797856972729,Thalassemia
3.3145980660215706,8.025689079243751,0.10471899292910583,3.675639763726161,0.409123829316135,Thalassemia
16.74623921663067,6.254456437893726,0.2797121209349679,2.928637486889059,0.3193676651974251,Thalassemia
18.61573936434478,7.5615607842966766,0.25663968265972514,3.1491503193988937,0.12658533031050886,Thalassemia
5.548270257832646,7.646548163178659,0.2560752247141961,3.5281658248328522,0.4066060198130339,Thalassemia
10.961077181160249,6.519955880471489,0.1915991518007143,2.998684235723068,0.3334854350925456,Thalassemia
17.47661704402079,6.96481574933159,0.17960105859090056,2.5848784842200736,0.41278399086318374,Thalassemia
23.229981878846793,14.394588682018867,0.1605831457666385,3.0608815705192205,0.4006987969583362,Thalassemia
15.083174830701632,10.243677791764956,0.11313897179087316,3.9166728740414554,0.4212008287831349,Thalassemia
12.087988235083461,6.818078727883359,0.14564707269873983,3.462601595947837,0.30720322656184995,Thalassemia
14.26841423558064,10.787817618042943,0.14932072699560492,3.5072187230008103,0.156129807277406,Thalassemia
20.49950567659274,6.66472204097596,0.19681541394204033,3.4484232304564597,0.3684629893518755,Thalassemia
27.016849850625952,19.41885478439021,0.9247232031128678,5.294023054342223,4.632772011045752,Myeloma
23.489516362695138,21.073565915852633,0.5224984106177122,5.132197584711144,5.927336455646798,Myeloma
17.784779894357587,27.890590287810923,0.8670756295208231,5.55583055100062,4.107408581427613,Myeloma
17.602535163003783,24.92724842807609,0.6706593229750261,6.623810332825034,4.071577001979135,Myeloma
21.48287772570381,24.34577296248448,0.7392641849597612,6.936716544282284,4.032274853548326,Myeloma
22.315923976337924,17.722302369880648,0.9644297749227828,5.136755473846007,4.561631511914575,Myeloma
20.986461328156032,15.55379585885838,0.6659857523679227,7.837912669536798,4.321994650272881,Myeloma
21.556543367214424,24.776502791188765,0.732668466969743,7.526496129951143,5.639743880181044,Myeloma
28.499786872881902,24.380233962648973,0.5068412073803406,5.8898374464712795,4.516562375170471,Myeloma
25.35771576117443,27.36335337875491,0.5407993600024192,5.231562590679404,4.523273514565706,Myeloma
20.95317795632512,16.98009687015385,0.629295795567392,5.509661219657172,3.41511478416167,Myeloma
24.706552903837416,18.852256723198266,0.5139261204105372,5.380833241264918,5.948218622731158,Myeloma
14.837380482362303,11.80257918737283,0.8156876630241254,5.369851337896841,3.749918672606489,Myeloma
21.989635249734043,18.037644469695636,0.7131991784008113,6.555685065997202,3.220092202378808,Myeloma
29.04653174866555,24.982852552897235,0.774072601364011,5.737542327480201,4.989438746925627,Myeloma
18.90977052303813,17.66752310385901,0.5873235929481648,6.074419149587433,4.786099110470618,Myeloma
15.761830356904575,23.20239897600412,0.6479660147183081,7.968516000152968,4.245436961978237,Myeloma
16.7395555570347,19.047484470010943,0.8319122374263626,7.052942746776035,4.266576701642034,Myeloma
14.551834813288059,21.620285141107804,0.9826513618152,7.846942001141004,5.355191763139294,Myeloma
16.076190459361484,14.261543050921663,0.5252083868011046,5.427669665099347,3.587137920298947,Myeloma
18.147459507049856,20.426047248169507,0.945192160427633,6.146418424497708,5.46075995683467,Myeloma
12.97216490410679,5.044320145496384,0.7884406006556042,6.664195409847062,4.946241341685054,Myeloma
20.078091669748016,19.065519209190075,0.7819597833778118,5.2302741856662145,4.256909321338573,Myeloma
24.511385868933235,11.8476337814243,0.7501392676038802,5.012562330883874,4.374085849751606,Myeloma
15.4612190992654,26.029972582734082,0.5346970429520916,7.011303001390752,3.7699416215582873,Myeloma
27.596419618208845,23.887036763822557,0.5449384258680803,6.925458550404306,5.256342998090925,Myeloma
22.553960442637973,22.333354909830405,0.8004560028295431,6.2323664299988355,4.538624226915803,Myeloma
25.152902928120287,27.6050311357969,0.6704792857177791,6.468932228096098,3.962563628249531,Myeloma
16.710827230739316,15.255417395875813,0.9586340332888403,6.246329001776269,4.788150347282851,Myeloma
24.272626135333077,28.736815989577792,0.7032952686797361,5.0720151345346665,5.9872033561539695,Myeloma
14.540330498023435,24.660957821301924,0.5716407293513206,6.006114818652387,4.305786838969661,Myeloma
24.451237504182544,18.81722356390527,0.857359416751018,5.531246766191869,5.762074202335858,Myeloma
20.859196698967658,25.67810073591472,0.6466767107205049,5.295272567304107,4.035050519773698,Myeloma
22.76625609992392,14.468532437941828,0.7627351536779465,7.870161301668049,3.164198120774958,Myeloma
14.12202697187574,15.877429192361632,0.848916392752585,6.798079175126497,3.6127263191052865,Myeloma
15.524650788616977,16.9570513838015,0.9501320556010352,7.185968852709808,4.256085429983052,Myeloma
22.986141091266923,17.355111459679925,0.896095597400838,5.946091229798353,3.658904785783707,Myeloma
15.258259978878996,14.717211786198735,0.838180533936362,6.179441388482045,3.0006811146547667,Myeloma
22.316031460495616,26.115415335476627,0.8398165911975718,5.71077198169017,5.745004613242582,Myeloma
13.164310967698771,18.70572799815084,0.9729623220160433,5.2908970128962745,5.531638233692787,Myeloma
24.24087106333334,21.762524841784398,0.647912048748268,5.5370949123247515,5.226876694460842,Myeloma
13.837383426157455,17.148243167931597,0.5005560470980936,7.392542135889458,3.503443786938086,Myeloma
22.761499688397617,10.896983497257414,0.6359772796990993,7.032637415551328,3.361090728629958,Myeloma
23.128154668230003,21.35028679195711,0.608945689813372,6.64078662795643,3.2028142484171496,Myeloma
16.516140907852126,10.438725122901115,0.8309172925569991,6.425269618600304,5.172087566318764,Myeloma
22.910132835423635,19.656829769572656,0.8168557998827646,7.767302850968374,5.786423882063656,Myeloma
21.30221131666778,13.158424805835947,0.796730691352362,5.2182048433360055,4.291607462739111,Myeloma
17.30579071903631,29.936379996154038,0.5081217216047269,5.841802439713748,3.3574220159881447,Myeloma
14.95722657961896,24.556813610873608,0.8643890272253237,6.049813560712142,4.537178462196319,Myeloma
10.186871541637105,20.528768956357403,0.6617652062427457,7.347277436638364,4.046495722375891,Myeloma
21.748250236498468,26.318533388273345,0.8325279945033155,7.977543860485914,4.124474773049993,Myeloma
12.175986143189725,15.768420112671322,0.7782892142510767,5.722011544271459,4.863991872467122,Myeloma
20.47672099720654,22.717396893350465,0.6713654627139536,7.622922002411242,5.156154339786607,Myeloma
18.682758919588753,20.99905216859357,0.5672881335520539,7.491868281295374,3.3318107966194823,Myeloma
23.39571387719098,21.32010040666835,0.5472094488302405,5.6739721929253,3.1067706924194294,Myeloma
18.48977250255068,26.361767500533837,0.9157591665561118,6.197997740597668,5.982990908057145,Myeloma
18.35276106826454,23.66246051389901,0.959198771040779,6.229018607877557,3.6981850467466555,Myeloma
23.659353521441478,21.443618314125118,0.8248940233821498,7.934662005579675,3.1614915747253773,Myeloma
21.675290145420586,11.725562818858519,0.5517170574302417,5.542675704136695,3.56962598728776,Myeloma
21.58077978591389,15.199768523602682,0.7010136084441203,7.397473913314347,3.1168735390453928,Myeloma
22.34633794904263,19.38645533202138,0.8644696000525787,6.002578142519329,4.175432683851515,Myeloma
12.32213938396447,20.466861871383255,0.8899104420050341,7.192611037328481,5.407205353353973,Myeloma
23.78394339993491,14.34898137663038,0.5591093111455443,6.260033012886988,4.0237333492731615,Myeloma
23.06234397006801,32.058383377892106,0.5000153594226913,6.7350792893496205,4.3325502206351,Myeloma
14.916584357117515,27.581970276267864,0.8560685229403024,7.497835319978393,5.026760320702317,Myeloma
18.779597631628995,23.010591601962417,0.6782980879931029,7.412496694951653,4.526682210209641,Myeloma
19.803463561861843,20.360184306418724,0.6272406658091301,7.5992695506191,5.584337058063973,Myeloma
19.327516077991337,18.93895515049424,0.5064487348947627,5.178851976033977,5.59810702513727,Myeloma
21.669299832842672,15.240407699888822,0.7701497033807498,7.076151659119235,3.029732086473461,Myeloma
27.156833909155917,20.387402592594313,0.9255753677129909,5.419962130165288,5.334138919449598,Myeloma
25.408833638364143,21.288762700713754,0.978815823136294,6.247455704055233,4.3822008007250215,Myeloma
13.438904032842968,13.791197122591878,0.7828724753066446,6.645765245164066,5.966521623910989,Myeloma
23.110349951530242,21.670882086224488,0.7572306638699471,6.208218454240493,4.449696227626306,Myeloma
26.64466659767705,19.223704755876255,0.5425281927446206,6.558835027409023,5.960687836164892,Myeloma
21.934042603446013,10.460962210613046,0.7744364007712998,7.989578926395858,5.26370808361721,Myeloma
25.454902125929834,15.69807494610249,0.6899895394826974,5.405651941138564,3.745814653839919,Myeloma
30.061352228503825,17.931972332891778,0.8035676404417884,7.0263681360092765,4.615184937860873,Myeloma
25.118547730534907,29.43843828670095,0.6943631739382734,6.188002899156846,5.976406918435748,Myeloma
21.246542978208645,22.78276562266879,0.6201495617251833,5.3990293967219865,5.572591823255771,Myeloma
25.225442370423767,13.322592154500544,0.5474826376141883,5.476210290122928,3.2921006813736633,Myeloma
20.724439165484455,22.430181447088184,0.6574592222944479,7.847819318736851,5.119115990429988,Myeloma
20.119515216424777,12.263480055308172,0.5483224171438761,7.638804490135286,4.036738757612439,Myeloma
18.242928821431338,25.413455269435367,0.588448475411992,7.721125881245065,3.020946785641044,Myeloma
27.81706679416054,17.64437674091061,0.993668079289773,7.974598327482159,4.210442907080999,Myeloma
15.907856670289993,19.531819056304144,0.7220517784533094,5.624946170025554,3.704263265174914,Myeloma
27.66183862339058,26.62898323771095,0.7659358832525083,6.066318012092186,5.4566078115614145,Myeloma
22.49932061870186,13.56418215707875,0.9368092643686077,7.0076570897746,4.0119918265372965,Myeloma
13.003469125990293,13.014409074435044,0.9977844502453439,6.451407619581942,5.482571081861451,Myeloma
21.83824646495711,17.082003368269977,0.7913572246723408,6.255168600135001,3.001793816504386,Myeloma
9.49986746174188,25.191894255096585,0.9062369105220858,6.07343374800678,3.9234574500783577,Myeloma
23.12754008415518,12.403269622615788,0.6634705121683376,6.781341895830357,3.723495642923286,Myeloma
24.426157414944953,5.839222009447155,0.6528719787236456,6.7267802859202455,3.700702083205833,Myeloma
17.03822022173973,17.744205707955008,0.7013518604972802,5.48437350219272,3.204559859296388,Myeloma
20.617738479777913,22.7587039995546,0.8362536313368245,6.415219512555318,3.561372811231505,Myeloma
29.770787168751433,26.001308748694147,0.8410958446275494,6.66041532862955,4.66664870965686,Myeloma
17.471266478690318,17.684193189573005,0.6576197173247254,6.710860816194171,3.8740832185132335,Myeloma
14.705462064716997,17.942866964419988,0.5666049620683143,5.630321578737055,4.252184346987444,Myeloma
27.408317012312992,25.769503671278734,0.8161981282327543,7.226814176756861,4.130600641041566,Myeloma
29.812935952653973,10.651291501522897,0.5641629310943823,5.075597284463209,5.627714774999683,Myeloma
20.018478359239236,18.057396124084953,0.789246254114665,6.064495566629488,5.715896997031546,Myeloma
25.05731517704178,20.95211944962529,0.8467110640281545,7.3406379456069,4.47887091496758,Myeloma
26.707379577654407,22.24609360642517,0.8503057481972258,6.691678763166207,3.990467850946813,Myeloma
16.28757883730808,17.450966534045588,0.8767360553297984,5.783487297532581,3.320402112007091,Myeloma
17.57347082316066,20.172205058529208,0.9364297107828323,7.084859358029143,5.860208638146285,Myeloma
26.154372565773674,7.5583632329350525,0.7499794959823942,6.70217283246822,3.180680834700892,Myeloma
28.425071393542545,16.70875793833076,0.8651245947647856,7.3887308283691615,3.8929508327048414,Myeloma
22.814404300871775,22.26754356277234,0.8095863676829184,7.205075558569471,3.8941986035100125,Myeloma
15.600928232489728,15.088529828726603,0.5933199698988413,6.8303237661087035,3.9612038584206446,Myeloma
29.935305558497205,20.294921107947985,0.5128448224347041,6.464533025932442,3.4928605298172277,Myeloma
17.345145510940178,22.23436250401349,0.6422706928384669,5.3995463770025705,5.349484292771091,Myeloma
18.32431109414274,18.287253995711175,0.7215168531688096,5.783999053656151,3.3674935858979675,Myeloma
21.711689172448107,20.852318854982855,0.8085529722143281,6.257298418751256,4.9047199774594885,Myeloma
27.77080210357387,15.186337173576938,0.9249796652516027,6.797897861019166,3.3715380801174524,Myeloma
24.269879882761117,18.966943601519766,0.5981228583530829,6.541123565645915,3.2116069127788696,Myeloma
22.074327501809552,23.051080847946114,0.5627748949492386,5.864553577878588,5.728288511057629,Myeloma
22.31644265059053,20.784864804842172,0.9817399737371637,5.019393073369132,3.570386298956117,Myeloma
20.21757334321733,17.067343652180323,0.5540222796882035,6.488717665702442,5.463750463679113,Myeloma
22.79069757259253,21.121082021453965,0.7392455350535946,5.85687796568673,4.633892613321407,Myeloma
7.352199611528485,23.57304895318309,0.7927818643966509,7.203824902131605,3.233569558826309,Myeloma
18.516962704651007,9.75029360711261,0.7706872104537191,5.07183879581145,5.866344574314202,Myeloma
21.206609674583905,25.79537032477949,0.5430160785164716,6.754483433917373,3.7408835009756776,Myeloma
14.244929581902465,18.31872630659464,0.5285134570018097,7.824422712518196,5.5789360360578195,Myeloma
21.9316165890578,22.12744966620115,0.5527417137305178,5.523227801334499,3.5064300173536926,Myeloma
18.97764389506939,25.98623461822614,0.7927938419363063,6.414948472251786,5.561828646425559,Myeloma
28.77737849157745,13.14163151384767,0.7721724438171605,5.2742659754514145,3.039686438715882,Myeloma
27.865098626074282,16.452794987862266,0.6168703960183721,6.877045736784058,4.535341369708442,Myeloma
17.670972154409185,18.557256520621475,0.8188870709227958,6.651595041788677,5.308327738264671,Myeloma
19.245811442166524,16.081232394377857,0.9100337510278247,6.222096572638497,5.80438655247835,Myeloma
19.630262171958037,28.67468287918404,0.5207894799232968,6.564131064421224,5.727606408619462,Myeloma
17.741702619201888,15.716139530866037,0.7490649717740212,7.689723975407031,5.458874608642935,Myeloma
20.975124920140633,17.222266102565666,0.8446552060513451,5.588882906933201,5.664574048983912,Myeloma
16.20858965556205,21.021945158014884,0.6261559635348435,5.0676935351160415,3.5976590575112297,Myeloma
14.346923325312368,13.989252369619557,0.6538854526465745,7.584994654097303,3.8525528871351864,Myeloma
23.113556119501343,18.02159644121868,0.806818951494692,6.731351247163719,3.8669055747631758,Myeloma
23.147647921109055,21.587266306250875,0.9489676467218684,7.671975366385527,4.131161793005097,Myeloma
15.978421201700037,18.335697978087445,0.9049622101514496,6.790835670239518,4.179962011155566,Myeloma
24.476777153812996,19.53306570550026,0.7915651095497918,7.430483269879107,4.6336659739640265,Myeloma
16.842111354173344,17.353339437758144,0.8651108588786246,6.289020090065444,3.4796392900993243,Myeloma
21.265826190189905,12.427648454096165,0.6824112351038993,7.2495797938648066,5.073739991357968,Myeloma
24.10172006306228,21.607966056696192,0.8204827640493788,7.739124400669568,3.5026996179135192,Myeloma
19.831937176481436,28.774665358236206,0.7330907955637784,6.716368891166619,3.9309254463136427,Myeloma
22.27370456070567,20.09200815391719,0.5949680682287805,5.542355451687139,4.510035391818462,Myeloma
17.417851780562142,21.126320586237746,0.8508691369386285,5.806392845090595,5.389321684570432,Myeloma
19.017667082859514,23.463613775584296,0.778232318674411,5.5959337306922174,5.218407699716182,Myeloma
18.970702845598296,13.653347517266504,0.6793107909767957,5.7405710827871985,4.936603069231567,Myeloma
16.267108267298806,28.512573290648028,0.9556695950393154,5.919246348053109,3.4673197817405104,Myeloma
19.11612918442109,21.01164398211401,0.5104670589133666,6.665401360259565,4.641136036846733,Myeloma
12.256908505681267,28.159284495445544,0.6578865756247481,6.763974888391498,3.2623395053996562,Myeloma
17.544231264289476,16.334835022380055,0.5284406988888233,6.279499241725583,4.132089530389952,Myeloma
18.575622533151645,29.090309612789124,0.8832636581108135,6.846262339462506,4.240549590869877,Myeloma
18.7191012375231,23.875777470173915,0.8510537270568963,5.244724776834098,3.1194343183372615,Myeloma
18.792512770646105,22.765200429261792,0.6656761093681585,5.26336471117448,3.8219642984099154,Myeloma
19.691179000699357,21.17012227176574,0.8378314511035365,5.515488381072975,5.866948401799468,Myeloma
22.39720759043032,18.757356909627752,0.697968613097975,6.554232494121035,5.8608978234890685,Myeloma
24.372585370662613,26.00265829236936,0.8781268957112172,5.641984036094941,4.0569811627576176,Myeloma
16.751173865758666,20.701799349240236,0.727091831368353,5.849853210477732,3.129300326844972,Myeloma
13.983995723054278,10.164651482064238,0.7061398639158327,6.200938508518982,3.5372848179845446,Myeloma
14.789777938784486,14.414067691464988,0.9673649577441505,7.435598372031139,4.17665338030062,Myeloma
17.563985394025366,19.070771239036265,0.6254395499453501,5.04158640773858,5.843339093907689,Myeloma
18.240393410917456,21.549994915827774,0.5602236699982828,6.9481364607098675,3.423597190611555,Myeloma
16.150019669012714,19.71705755550052,0.7922715566297291,7.006629593122057,5.290547531004637,Myeloma
13.519416678750527,26.094853948968314,0.9846609061420895,7.39596734106991,3.3260476181240763,Myeloma
17.71939586262906,10.244490679806876,0.6889196068635933,7.7982588171809395,5.94377273217383,Myeloma
20.907133100569858,20.717939682525802,0.5310183818143908,5.06041354684787,4.144849497327405,Myeloma
22.975147329177823,10.910103873064227,0.6696526336547837,5.461351116539649,5.325703616697168,Myeloma
17.212884734458395,23.79856147742084,0.7529658271597792,7.658513882167979,4.0277732484333955,Myeloma
17.93501088928283,19.527706427789987,0.5809615033161069,6.3755556865610465,4.883006631476427,Myeloma
15.366508455763446,22.09804986012059,0.829051109028246,6.69377191680039,3.57604825422011,Myeloma
19.842804148126117,15.680585197051169,0.9988746945051004,6.989081611169443,3.4380630578908877,Myeloma
15.757856829045927,26.397324658288756,0.725869737990722,7.037199813486913,5.814192418704394,Myeloma
22.865639066206,25.208623320294258,0.6773642783651064,7.795221209949524,5.752941833713301,Myeloma
11.070667540329444,22.917721515059437,0.7003520834172333,7.9908482522350095,5.6624068206386475,Myeloma
18.20185163773769,19.352413765682797,0.5575730891976005,7.160472382792821,4.876300350499781,Myeloma
21.50553669595871,22.899286426475662,0.941636800713112,5.861663627615452,5.424804633648835,Myeloma
20.91917258161252,16.465537160063256,0.7074128277606759,7.6392572068830304,3.207110810734125,Myeloma
33.46516831990248,24.27777829510356,0.6936372057124207,5.147662743622285,4.0043671256720375,Myeloma
21.749000122839536,28.247404471619603,0.8298451364652372,5.6932425586234885,3.941109374271469,Myeloma
14.979727015789948,25.35305279989593,0.7210167104655618,7.692157152391145,4.90693596585784,Myeloma
19.522678764554634,16.351987650962954,0.8241167344039231,5.768574543318065,4.0678733204119215,Myeloma
11.118768332667742,21.807086586365514,0.5307231450653938,5.661953178865246,3.4455203449310425,Myeloma
19.597001253516197,13.534292281206762,0.9068616718611138,5.414375879420742,4.789401226240631,Myeloma
15.834719714996208,22.861951555878377,0.9702519764397013,7.57733527294075,5.443151762007244,Myeloma
24.57695137780081,22.253017064312694,0.8243826930796929,6.50017477757326,4.146370483379919,Myeloma
17.252298627022327,10.65091830233918,0.9772829644294054,7.024679609162464,3.3968061452954452,Myeloma
19.416170421023768,14.191080780438181,0.5757161571849816,5.717199152225089,3.5900645919384693,Myeloma
16.822210792977984,18.584305516281166,0.7387080947401768,7.274121263033649,3.712449915508152,Myeloma
28.694256759266658,18.495701264295867,0.8009033669727237,7.280016634886295,3.8996927789836087,Myeloma
18.39378616941044,13.952615322905974,0.7908683237105933,5.9377940747249,4.928385211518927,Myeloma
29.162785217396006,21.944893646760917,0.7007308895445217,6.2320478990308485,4.802836453613157,Myeloma
24.070758810591332,21.25736804470256,0.6690422046831307,5.629070832290602,5.0882395847011175,Myeloma
22.41033363667693,19.028654340107405,0.5634120112752095,7.929683069968712,4.0875059535945395,Myeloma
21.8436657365876,16.221042499208185,0.6958712252811391,6.936807731175235,5.471992955639935,Myeloma
21.968986491081257,25.243535632082818,0.5813304075527426,7.803631642146547,3.612262983467281,Myeloma
10.36163710327195,28.277035565441476,0.8671828382461092,5.9101566308874,4.407122242554462,Myeloma
18.60558302924622,17.582192580767316,0.604415467747295,7.345672738990669,5.402816164624291,Myeloma
24.225789855921608,16.939165414225897,0.5292826526422669,7.297575931654226,3.540475943197858,Myeloma
19.75551408262947,22.456038327059982,0.7761830689086171,7.074966955599624,3.329589341222349,Myeloma
12.974050765982124,18.209853101265068,0.7976148663597008,7.896916925800401,5.651051903063969,Myeloma
19.73797774711265,19.30301399668383,0.9359565306402527,6.180666008318947,4.028788988277588,Myeloma
28.520527581277456,23.698265758623357,0.7884908062088409,5.392151970769272,5.051610374727096,Myeloma
26.234458577673596,10.453219562463536,0.6727404268617229,7.0151265777321825,3.0760458127918153,Myeloma
19.689979953169843,26.591511624263347,0.9015059407631603,7.187929401431619,5.070140665228349,Myeloma
24.757246385290433,20.363402621646706,0.7701394465937106,6.725181720376444,3.9483039346409115,Myeloma
18.16746489815974,17.9425342771891,0.5396401423155959,5.620453679400189,3.1672225607623252,Myeloma
11.480642065866405,19.553829228892756,0.7829252801566233,6.513367825008066,4.829438284644351,Myeloma
15.377670059352228,19.812146775102594,0.9540092727108311,5.936569209707388,3.72241144821952,Myeloma
27.81444384254099,11.343993482775373,0.6981563127491103,6.282399584500068,4.16042172615564,Myeloma
18.63003459085348,27.47469113726618,0.6481629009499,6.935655727533992,3.241742436859541,Myeloma
18.78308010312491,20.20662816135309,0.57173472850901,7.235644228072504,3.441489753284836,Myeloma
18.500809018625596,22.215010652236877,0.5757227609676787,5.696674072704029,3.8939317064875314,Myeloma
29.520682947865033,24.757748852870215,0.7163857421709094,6.21597608194086,3.2692785016804713,Myeloma
28.129794576810315,14.894187712198498,0.7978399120807648,5.807484712974888,5.732478794058945,Myeloma
31.09390116724067,22.367359495176142,0.5403077025848009,5.595894841585608,3.0181411295519354,Myeloma
19.204773947999744,18.661794545506034,0.9697842945125829,7.350161659987515,4.451580656592935,Myeloma
21.478122443735476,24.23385387608247,0.877566808722598,7.727758083310977,3.3697423743976542,Myeloma
12.416787252896045,9.363862898242523,0.7933119591418314,6.11069655705373,3.9230372684338457,Myeloma
27.384672130591373,19.504528498793654,0.9142193354694954,7.2538367731213,5.778178679454797,Myeloma
14.161102243660325,16.98589672108019,0.5400933784060566,7.690985868093233,3.4850836598219606,Myeloma
21.083877818813146,22.161314753170778,0.7384194388665621,7.538372631590695,5.8974969591549975,Myeloma
14.513487361835779,22.350220936841012,0.8150465634308317,5.548440165617678,3.617383130968265,Myeloma
17.05566586630652,16.46187052588987,0.9143264530591446,7.8688756445400845,5.224698325400489,Myeloma
15.813687844751499,16.43913067911978,0.8917347800246338,6.130029321288387,4.640031794691935,Myeloma
16.96062369662091,19.446673157213354,0.6385346248566999,6.017721983521509,5.653436182790277,Myeloma
17.304386484255108,15.516788863423958,0.9704400847796022,5.187293981833341,4.661979766509393,Myeloma
17.258656025374613,24.209918477260636,0.5621729207154351,6.458520962314649,4.603677657468926,Myeloma
24.166669558901535,18.15396399776277,0.937566809310576,5.327040846922786,3.5863740011051997,Myeloma
14.4756860346874,5.4650589033917925,0.9854701248023092,5.745619462782278,3.498688086154976,Myeloma
21.102707135069334,18.12588971689097,0.5885767616113128,5.950827865301844,5.749467453346543,Myeloma
26.089795761527792,14.807280895780139,0.8610330321018926,7.426478970475053,3.983514596550102,Myeloma
17.43401817743302,11.843620922695273,0.5201427593889992,7.62646595118769,4.116246764888688,Myeloma
16.41040554626199,13.812866808887136,0.7027114125695775,5.907398952384409,5.279470975285165,Myeloma
18.847376874098746,20.547042359164852,0.758141649598837,7.576094363733722,4.016470447268422,Myeloma
25.898626041803553,26.643204141241156,0.7903226129548171,7.571692812109373,5.856187339917009,Myeloma
20.97053815476679,21.565922369324902,0.9679686241242798,7.2939528511546206,5.213783306996401,Myeloma
17.343928526962006,16.967483058921303,0.8361253436470973,5.440085342045545,4.79228772772026,Myeloma
22.419383255940197,22.279520975853515,0.7406389756096186,7.070968540702187,5.642685481634258,Myeloma
14.488539250817883,17.70454844890504,0.9048375181329447,7.8350721937417065,3.148817725048448,Myeloma
23.40679755221474,16.526998154184277,0.9752664104772044,7.047621436301471,3.7711880765676264,Myeloma
22.043036538508836,14.228186658835078,0.5110330743411454,5.994850547323502,4.39510900266273,Myeloma
18.46095764430558,11.240855966241405,0.9912606361280194,6.501737952292494,3.680935618414563,Myeloma
15.807071007763845,18.050381467202772,0.5430660695318401,6.937175130053161,5.231715561906456,Myeloma
15.566595388582714,20.79026744960066,0.9071933896343807,6.531711226185511,5.7576240931611755,Myeloma
22.674086681729552,19.51688164992555,0.6401673762757063,5.35985882519291,4.27131035979277,Myeloma
26.14490251244531,17.920165360263205,0.5660898288769358,5.936192133956062,4.026397800335685,Myeloma
16.813461264856027,15.271269696516095,0.7199278198569175,7.407188091660897,5.8846521964126985,Myeloma
22.29193351775742,23.041230958424844,0.8219782897238068,7.5842541382865525,4.334557298482622,Myeloma
9.564864906989657,13.414340400267076,0.6904759225117375,5.4119000981467105,4.46714520134785,Myeloma
17.076911346714002,23.880139569217377,0.5272827041413495,7.857160257196174,4.054949617025716,Myeloma
19.84470533564549,14.988914905366375,0.7997305698293583,5.986467853545828,5.728645419036415,Myeloma
15.451582915090832,16.237823813234826,0.9512016380553374,6.98694121619216,4.706866449845553,Myeloma
15.31746812605202,12.666074046921615,0.6916076829736258,7.255475437870043,5.2865237615449345,Myeloma
16.661102217655568,17.492989265571815,0.6081663888154135,7.43583870391365,5.435420155052659,Myeloma
21.460963641631867,24.876562292389895,0.7212886729664076,7.83724910667779,4.025547125751775,Myeloma
19.063354907968126,22.578140442219784,0.5241813555243904,5.938758644086468,4.30108299396114,Myeloma
8.808843833375139,24.892110560140175,0.9102437922401374,7.575519363654664,5.545415323218794,Myeloma
9.396499236824669,22.61071272966968,0.9131704054750933,5.395060710308621,4.089766055027431,Myeloma
16.965674110714122,14.481650857348153,0.7940002317148143,7.115122719060778,5.381805400355554,Myeloma
22.28843293026776,18.346053878362213,0.6765514444691947,7.2259331885419575,5.822976967723312,Myeloma
6.262475786373827,16.099004354412685,0.8998916822228917,7.033169723603962,4.869631119204021,Myeloma
17.501349119241848,26.6528745201952,0.7773435123941836,5.756944208405459,5.224881862355667,Myeloma
17.368760717412894,14.016056767868442,0.912966154275008,7.61912944104561,5.415291936123404,Myeloma
26.94168889104224,24.468488446945553,0.8157293962915103,5.506575390111185,5.535118946689927,Myeloma
18.074890941435683,24.464769350543847,0.8922027366063987,5.1609043745624925,4.185160013570388,Myeloma
21.914944923704642,29.148101008580436,0.7992814966088799,7.1523949718357365,3.1537903775279945,Myeloma
20.706285700437316,17.951567036852513,0.7070705341078332,6.4264271456982005,4.205628813710218,Myeloma
9.347167600963997,23.561610797900812,0.9789729299630687,7.5472940598760285,5.0212686893522696,Myeloma
23.841036083158688,31.408259182694213,0.7705569124394224,6.1501914231747765,4.351051157342378,Myeloma
21.07698252728144,16.911791615331516,0.8025447592702692,5.504835765523138,5.246889452581195,Myeloma
22.54134319837295,12.324798762338201,0.6102438197073746,7.50932657740961,4.070947288405992,Myeloma
39.63118853218163,10.599949830461181,0.8128253947136382,6.646728894920215,4.904232423312089,Myeloma
9.579435302507058,23.563560144306656,0.7858038247414719,5.567587377171065,3.559259414561924,Myeloma
28.62348324880554,10.58424895970708,0.5924191989735125,7.1611519957593375,5.248108309934871,Myeloma
18.56276240299822,18.138404735310385,0.5297935486765719,6.533340915468502,4.637087906439078,Myeloma
21.436644522015047,22.186565935194803,0.8021796598573856,6.812938946720959,3.612193165639802,Myeloma
19.77243877349379,20.92587768414957,0.8818461346751603,6.382695014619745,3.875733520493422,Myeloma
17.878818333009782,22.12722432092086,0.7617006854610041,7.486126951454019,5.245826125745497,Myeloma
17.150835358806205,21.11144927900427,0.6133863126598229,7.4886881470491495,4.447803706984562,Myeloma
21.647543677865045,26.394329066566968,0.8332609883465174,7.128166465473159,3.6480943211792165,Myeloma
12.414131516641604,15.238418096306015,0.5400528633048012,5.3162041321893865,5.9018135711108926,Myeloma
23.75289583760883,16.615024307707344,0.7209168524009772,7.516561585712207,5.1453750594506635,Myeloma
17.91902797557373,16.13670277364588,0.5816833791992101,7.0130389415987295,5.871404497619388,Myeloma
14.349653304798212,24.150959059313053,0.5922295255299417,7.091072498012899,4.28131513608103,Myeloma
17.74993571002093,24.501992941975317,0.6011469745791018,6.088948521211615,4.425301022075161,Myeloma
26.285746084312862,22.25612659659254,0.693353528521989,7.63783866847102,5.693865648555057,Myeloma
17.323324564918885,25.917468334449637,0.5255751028101988,7.176114800704573,4.575148020736154,Myeloma
21.7922680910481,14.109795663118096,0.6988967204645491,5.3377713995875835,5.121836735717002,Myeloma
16.34521862142263,28.336120557755685,0.7558537235573504,6.2233341032184875,3.75651863248659,Myeloma
23.7896092496181,27.61619310856129,0.7416471424831625,7.6591410858804245,4.3401794061079215,Myeloma
23.42753869395102,23.678109986228733,0.6913920502015203,5.141590105092137,3.3703495974310655,Myeloma
29.243044166482058,28.9089945438553,0.9195733040353762,7.8842498589261485,3.617940107630885,Myeloma
19.122180272503922,11.716883961611131,0.5726633462102521,7.037487704958688,3.002830245802893,Myeloma
23.343274023789533,17.377759318686742,0.752848371890687,6.89412793293013,3.1177951549459806,Myeloma
20.490337697694724,16.32348269659024,0.5310207084782772,5.811677769463974,5.931851469530788,Myeloma
26.47935890931507,23.607396618786716,0.5355778394389549,5.746375366217531,3.727061085410287,Myeloma
16.40583806195635,14.749296301989272,0.7869329248385482,7.826174658465787,4.989932128512006,Myeloma
23.725026564386404,23.787475746687427,0.7830092124439105,5.894817362702368,5.517299096398835,Myeloma
19.026513519416593,26.852680719983567,0.9390167564222285,7.326515890156998,4.651981377709693,Myeloma
19.679059114457512,23.476014500419996,0.7789368378300365,6.179365394621238,3.4594335002518686,Myeloma
20.458762422241865,21.418755118307505,0.9798955102024252,5.417762212354112,5.184349312008499,Myeloma
21.261201982133386,15.060633295496254,0.5243474241999648,5.032145893086077,4.800754230298749,Myeloma
